mdb-1	http://smttracker.com/downloads/gtfs/cascobaylines-portland-me-usa.zip	Casco Bay Lines / Portland / Maine	
mdb-11	https://content.amtrak.com/content/gtfs/GTFS.zip	Amtrak / Los Angeles County / California	https://files.mobilitydatabase.org/mdb-11/latest.zip
mdb-13	https://www.sdmts.com/google_transit_files/google_transit.zip	San Diego International Airport, Metropolitan Transit System (MTS) / San Diego County / California	https://files.mobilitydatabase.org/mdb-13/latest.zip
mdb-15	https://www.octa.net/current/google_transit.zip	Orange County Transportation Authority (OCTA) / Anaheim / California	https://files.mobilitydatabase.org/mdb-15/latest.zip
mdb-16	http://data.trilliumtransit.com/gtfs/lagunabeach-ca-us/lagunabeach-ca-us.zip	Laguna Beach Transit (LBT) / Orange County / California	https://files.mobilitydatabase.org/mdb-16/latest.zip
mdb-17	http://www.ycipta.org/gtfs/google_transit.zip	Yuma County Intergovernmental Public Transportation Authority (YCIPTA) / San Luis / Arizona	https://files.mobilitydatabase.org/mdb-17/latest.zip
mdb-20	http://data.trilliumtransit.com/gtfs/delnorte-ca-us/delnorte-ca-us.zip	Redwood Coast Transit (RCT) / Del Norte County / California	
mdb-21	https://oregon-gtfs.trilliumtransit.com/gtfs_data/cooscounty-or-us/cooscounty-or-us.zip	Coos County Area Transit (CCAT) / Coos County / Oregon	https://files.mobilitydatabase.org/mdb-21/latest.zip
mdb-22	https://oregon-gtfs.trilliumtransit.com/gtfs_data/currypublictransit-or-us/currypublictransit-brookings-or-us.zip	Curry Public Transit / Coos Bay / Oregon	https://files.mobilitydatabase.org/mdb-22/latest.zip
mdb-23	https://oregon-gtfs.trilliumtransit.com/gtfs_data/lincolncounty-or-us/lincolncounty-or-us.zip	Lincoln County Transit (LCT) / Benton County / Oregon	https://files.mobilitydatabase.org/mdb-23/latest.zip
mdb-24	https://oregon-gtfs.trilliumtransit.com/gtfs_data/rhodyexpress-or-us/rhodyexpress-or-us.zip	Rhody Express / Florence / Oregon	https://files.mobilitydatabase.org/mdb-24/latest.zip
mdb-25	http://data.trilliumtransit.com/gtfs/easternsierra-ca-us/easternsierra-ca-us.zip	Eastern Sierra Transit / Inyo County / California	https://files.mobilitydatabase.org/mdb-25/latest.zip
mdb-28	http://data.trilliumtransit.com/gtfs/dpwlacounty-ca-us/dpwlacounty-ca-us.zip	Los Angeles County Department of Public Works (the LINK and shuttles) / Los Angeles County / California	https://files.mobilitydatabase.org/mdb-28/latest.zip
mdb-29	https://gitlab.com/LACMTA/gtfs_bus/raw/master/gtfs_bus.zip	Los Angeles County Metropolitan Transportation Authority (LA Metro) / Beverly Hills / California	https://files.mobilitydatabase.org/mdb-29/latest.zip
mdb-30	https://gitlab.com/LACMTA/gtfs_rail/raw/master/gtfs_rail.zip	Los Angeles County Metropolitan Transportation Authority (LA Metro) / Beverly Hills / California	https://files.mobilitydatabase.org/mdb-30/latest.zip
mdb-34	https://transit.torranceca.gov/home/showdocument?id=16673	Torrance Transit / Torrance / California	
mdb-35	http://data.trilliumtransit.com/gtfs/pvpta-ca-us/pvpta-ca-us.zip	Palos Verdes Peninsula Transit Authority (PVPTA) / Los Angeles County / California	https://files.mobilitydatabase.org/mdb-35/latest.zip
mdb-36	http://data.trilliumtransit.com/gtfs/cityoflawndale-ca-us/cityoflawndale-ca-us.zip	Lawndale Beat / Lawndale / California	https://files.mobilitydatabase.org/mdb-36/latest.zip
mdb-37	http://gtfs.bigbluebus.com/current.zip	Big Blue Bus / Los Angeles / California	https://files.mobilitydatabase.org/mdb-37/latest.zip
mdb-40	http://data.trilliumtransit.com/gtfs/simivalley-ca-us/simivalley-ca-us.zip	Simi Valley Transit / Simi Valley / California	https://files.mobilitydatabase.org/mdb-40/latest.zip
mdb-41	http://rt.pasadenatransit.net/rtt/public/utility/gtfs.aspx	Pasadena Transit / Los Angeles County / California	https://files.mobilitydatabase.org/mdb-41/latest.zip
mdb-43	http://slo.connexionz.net/rtt/public/resource/gtfs.zip	San Luis Obispo Regional Transit Authority (SLORTA) / Pismo Beach / California	https://files.mobilitydatabase.org/mdb-43/latest.zip
mdb-44	https://app.mecatran.com/urb/ws/feed/c2l0ZT1zbG90cmFuc2l0O2NsaWVudD1zZWxmO2V4cGlyZT07dHlwZT1ndGZzO2tleT0zZTMwMzM1OTRiMTE2NzA0N2IxNjQwNjA0ZjQwMGMzMzdiM2E1MTQ0	City of San Luis Obispo Transit / San Luis Obispo County / California	https://files.mobilitydatabase.org/mdb-44/latest.zip
mdb-46	http://eta.getbus.org/rtt/public/utility/gtfs.aspx	Golden Empire Transit District (GET) / Kern County / California	https://files.mobilitydatabase.org/mdb-46/latest.zip
mdb-47	http://data.trilliumtransit.com/gtfs/kerncounty-ca-us/kerncounty-ca-us.zip	Kern Transit / Arvin / California	https://files.mobilitydatabase.org/mdb-47/latest.zip
mdb-51	http://data.trilliumtransit.com/gtfs/missionbaytma-ca-us/missionbaytma-ca-us.zip	Mission Bay Transportation Management Association (TMA) / San Francisco / California	https://files.mobilitydatabase.org/mdb-51/latest.zip
mdb-53	http://www.bart.gov/dev/schedules/google_transit.zip	Bay Area Rapid Transit (BART) / Alameda County / California	https://files.mobilitydatabase.org/mdb-53/latest.zip
mdb-54	http://data.trilliumtransit.com/gtfs/caltrain-ca-us/caltrain-ca-us.zip	Caltrain / San Mateo / California	https://files.mobilitydatabase.org/mdb-54/latest.zip
mdb-56	https://www.mst.org/google/google_transit.zip	Monterey-Salinas Transit (MST) / King City / California	https://files.mobilitydatabase.org/mdb-56/latest.zip
mdb-57	https://gtfs.vta.org/gtfs_vta.zip	Santa Clara Valley Transportation Authority (VTA) / Campbell / California	https://files.mobilitydatabase.org/mdb-57/latest.zip
mdb-58	http://data.trilliumtransit.com/gtfs/sanbenitocounty-ca-us/sanbenitocounty-ca-us.zip	San Benito County Express (SBCE) / Hollister / California	https://files.mobilitydatabase.org/mdb-58/latest.zip
mdb-59	https://transportation-forms.stanford.edu/google/google_transit.zip	Stanford Marguerite Shuttle (SMS) / Santa Clara County / California	https://files.mobilitydatabase.org/mdb-59/latest.zip
mdb-61	http://data.trilliumtransit.com/gtfs/commute-ca-us/commute-ca-us.zip	Commute.org San Mateo County Shuttles / San Mateo County / California	https://files.mobilitydatabase.org/mdb-61/latest.zip
mdb-64	http://webwatch.lavta.org/TMGTFSRealTimeWebService/GTFS-Static/google_transit.zip	Livermore Amador Valley Transit Authority / Alameda County / California	
mdb-65	http://data.trilliumtransit.com/gtfs/escalon-ca-us/escalon-ca-us.zip	eTrans / San Joaquin County / California	https://files.mobilitydatabase.org/mdb-65/latest.zip
mdb-67	https://realtime.goldengate.org/gtfsstatic/GTFSTransitData.zip	Golden Gate Transit / Marin County / California	https://files.mobilitydatabase.org/mdb-67/latest.zip
mdb-68	http://data.trilliumtransit.com/gtfs/laketransit-ca-us/laketransit-ca-us.zip	Lake Transit Authority (LTA) / Clearlake / California	https://files.mobilitydatabase.org/mdb-68/latest.zip
mdb-69	http://data.trilliumtransit.com/gtfs/mendocino-ca-us/mendocino-ca-us.zip	Mendocino Transit Authority / Mendocino County / California	https://files.mobilitydatabase.org/mdb-69/latest.zip
mdb-70	http://data.trilliumtransit.com/gtfs/sonomacounty-ca-us/sonomacounty-ca-us.zip	Sonoma County Transit (SCT) / Sonoma County / California	https://files.mobilitydatabase.org/mdb-70/latest.zip
mdb-74	https://www.capitolcorridor.org/googletransit/GTFS.zip	Capitol Corridor Joint Powers Authority (Capitol Corridor) / San Francisco / California	https://files.mobilitydatabase.org/mdb-74/latest.zip
mdb-75	http://data.trilliumtransit.com/gtfs/eldoradotransit-ca-us/eldoradotransit-ca-us.zip	El Dorado Transit / El Dorado County / California	https://files.mobilitydatabase.org/mdb-75/latest.zip
mdb-76	http://data.trilliumtransit.com/gtfs/fairfield-ca-us/fairfield-ca-us.zip	Fairfield and Suisun Transit (FAST Transit) / Fairfield / California	
mdb-77	http://data.trilliumtransit.com/gtfs/placercounty-ca-us/placercounty-ca-us.zip	Placer County Transit / Rocklin / California	https://files.mobilitydatabase.org/mdb-77/latest.zip
mdb-78	http://data.trilliumtransit.com/gtfs/westcat-ca-us/westcat-ca-us.zip	WestCAT / Contra Costa County / California	https://files.mobilitydatabase.org/mdb-78/latest.zip
mdb-79	http://data.trilliumtransit.com/gtfs/yubasutter-ca-us/yubasutter-ca-us.zip	Yuba-Sutter Transit / Yuba City / California	https://files.mobilitydatabase.org/mdb-79/latest.zip
mdb-80	https://soltrans.connexionz.net/rtt/public/resource/gtfs.zip	SolTrans / Solano County / California	https://files.mobilitydatabase.org/mdb-80/latest.zip
mdb-82	https://unitrans.ucdavis.edu/media/gtfs/Unitrans_GTFS.zip	Unitrans / Yolo County / California	https://files.mobilitydatabase.org/mdb-82/latest.zip
mdb-83	https://www.lodi.gov/DocumentCenter/View/2453/lodi_gtfs-ZIP	GrapeLine / Lodi / California	https://files.mobilitydatabase.org/mdb-83/latest.zip
mdb-85	https://rapid.nationalrtap.org/GTFSFileManagement/UserUploadFiles/7869/google_transit.zip	Fresno County Rural Transit Agency (FCRTA) / Fresno County / California	https://files.mobilitydatabase.org/mdb-85/latest.zip
mdb-90	http://gis4u.fresno.gov/downloads/fax_gtfs.zip	Fresno Area Express (FAX) / Fresno / California	https://files.mobilitydatabase.org/mdb-90/latest.zip
mdb-91	http://data.trilliumtransit.com/gtfs/cityofmadera-ca-us/cityofmadera-ca-us.zip	City of Madera / Madera County / California	https://files.mobilitydatabase.org/mdb-91/latest.zip
mdb-92	http://data.trilliumtransit.com/gtfs/amador-ca-us/amador-ca-us.zip	Amador Transit / Amador County / California	https://files.mobilitydatabase.org/mdb-92/latest.zip
mdb-93	http://data.trilliumtransit.com/gtfs/calaveras-ca-us/calaveras-ca-us.zip	Calaveras Transit / Angels Camp / California	https://files.mobilitydatabase.org/mdb-93/latest.zip
mdb-94	http://data.trilliumtransit.com/gtfs/laketahoe-ca-us/laketahoe-ca-us.zip	Tahoe Area Regional Transit (TART), North Lake Tahoe Express / Placer County / California	https://files.mobilitydatabase.org/mdb-94/latest.zip
mdb-96	https://metrolinktrains.com/globalassets/about/gtfs/gtfs.zip	Metrolink / Los Angeles County / California	https://files.mobilitydatabase.org/mdb-96/latest.zip
mdb-97	http://www.omnitrans.org/google/google_transit.zip	OmniTrans / San Bernardino County / California	https://files.mobilitydatabase.org/mdb-97/latest.zip
mdb-98	http://www.riversidetransit.com/google_transit.zip	Riverside Transit Agency / Hemet / California	https://files.mobilitydatabase.org/mdb-98/latest.zip
mdb-100	https://art.tripshot.com/v1/gtfs.zip?regionId=CA558DDC-D7F2-4B48-9CAC-DEEA1134F820	Anaheim Resort Transportation (ART) / Orange County / California	https://files.mobilitydatabase.org/mdb-100/latest.zip
mdb-101	https://foothilltransit.rideralerts.com/myStop/GTFS-Zip.ashx	Foothill Transit / Arcadia / California	https://files.mobilitydatabase.org/mdb-101/latest.zip
mdb-104	http://data.trilliumtransit.com/gtfs/corona-ca-us/corona-ca-us.zip	Corona Cruiser / Corona / California	https://files.mobilitydatabase.org/mdb-104/latest.zip
mdb-106	http://data.trilliumtransit.com/gtfs/beaumont-ca-us/beaumont-ca-us.zip	Beaumont Transit / Riverside County / California	https://files.mobilitydatabase.org/mdb-106/latest.zip
mdb-107	http://data.trilliumtransit.com/gtfs/bigbear-ca-us/bigbear-ca-us.zip	Mountain Transit / San Bernardino County / California	https://files.mobilitydatabase.org/mdb-107/latest.zip
mdb-109	http://data.trilliumtransit.com/gtfs/bullheadareatransit-az-us/bullheadareatransit-az-us.zip	Bullhead Area Transit System / Mohave County / Arizona	https://files.mobilitydatabase.org/mdb-109/latest.zip
mdb-111	http://www.fivecounty.utah.gov/transit/google_transit.zip	SunTran Utah / St. George / Utah	https://files.mobilitydatabase.org/mdb-111/latest.zip
mdb-112	https://oregon-gtfs.trilliumtransit.com/gtfs_data/peoplemover-or-us/peoplemover-or-us.zip	People Mover / John Day / Oregon	https://files.mobilitydatabase.org/mdb-112/latest.zip
mdb-113	http://data.trilliumtransit.com/gtfs/sagestage-ca-us/sagestage-ca-us.zip	Sage Stage / Reno / Nevada	https://files.mobilitydatabase.org/mdb-113/latest.zip
mdb-116	http://data.trilliumtransit.com/gtfs/tehama-ca-us/tehama-ca-us.zip	Tehama Rural Area Express (TRAX), Susanville Indian Rancheria Public Transportation Program / Red Bluff / California	
mdb-117	http://data.trilliumtransit.com/gtfs/siskiyou-ca-us/siskiyou-ca-us.zip	Siskiyou County / Yreka / California	https://files.mobilitydatabase.org/mdb-117/latest.zip
mdb-118	http://data.trilliumtransit.com/gtfs/lassen-ca-us/lassen-ca-us.zip	Lassen Rural Bus (LRB) / Susanville / California	https://files.mobilitydatabase.org/mdb-118/latest.zip
mdb-119	http://data.trilliumtransit.com/gtfs/plumas-ca-us/plumas-ca-us.zip	Plumas Transit / Plumas County / California	https://files.mobilitydatabase.org/mdb-119/latest.zip
mdb-120	http://data.trilliumtransit.com/gtfs/rtc-nv-us/rtc-nv-us.zip	Regional Transportation Commission (RTC) / Washoe County / Nevada	https://files.mobilitydatabase.org/mdb-120/latest.zip
mdb-121	https://oregon-gtfs.trilliumtransit.com/gtfs_data/josephinecounty-or-us/josephinecounty-or-us.zip	Josephine County Transit (JCT) / Josephine County / Oregon	https://files.mobilitydatabase.org/mdb-121/latest.zip
mdb-125	https://oregon-gtfs.trilliumtransit.com/gtfs_data/basin-or-us/basin-or-us.zip	Basin Transit Service (BTS) / Klamath County / Oregon	https://files.mobilitydatabase.org/mdb-125/latest.zip
mdb-126	https://oregon-gtfs.trilliumtransit.com/gtfs_data/benton-or-us/benton-or-us.zip	Benton Area Transportation / Adair Village / Oregon	https://files.mobilitydatabase.org/mdb-126/latest.zip
mdb-127	https://oregon-gtfs.trilliumtransit.com/gtfs_data/caravan-or-us/caravan-or-us.zip	Caravan Airport Transportation / Lincoln City / Oregon	https://files.mobilitydatabase.org/mdb-127/latest.zip
mdb-130	https://oregon-gtfs.trilliumtransit.com/gtfs_data/diamondexpress-or-us/diamondexpress-or-us.zip	Diamond Express / Eugene / Oregon	https://files.mobilitydatabase.org/mdb-130/latest.zip
mdb-132	https://oregon-gtfs.trilliumtransit.com/gtfs_data/oregonexpressshuttle-or-us/oregonexpressshuttle-or-us.zip	Oregon Express Shuttle / Eugene / Oregon	https://files.mobilitydatabase.org/mdb-132/latest.zip
mdb-133	https://oregon-gtfs.trilliumtransit.com/gtfs_data/pacificcrest-or-us/pacificcrest-or-us.zip	Pacific Crest Bus Lines / Klamath County / Oregon	https://files.mobilitydatabase.org/mdb-133/latest.zip
mdb-135	https://oregon-gtfs.trilliumtransit.com/gtfs_data/albanytransit-or-us/albanytransit-or-us.zip	LINX Transit, Linn-Benton Loop, Albany Transit System / Albany / Oregon	https://files.mobilitydatabase.org/mdb-135/latest.zip
mdb-137	https://oregon-gtfs.trilliumtransit.com/gtfs_data/linnshuttle-or-us/linnshuttle-or-us.zip	Linn Shuttle / Albany / Oregon	https://files.mobilitydatabase.org/mdb-137/latest.zip
mdb-139	https://oregon-gtfs.trilliumtransit.com/gtfs_data/cobreeze-or-us/cobreeze-or-us.zip	Central Oregon Breeze / Multnomah County / Oregon	https://files.mobilitydatabase.org/mdb-139/latest.zip
mdb-141	https://oregon-gtfs.trilliumtransit.com/gtfs_data/mcacs-or-us/mcacs-or-us.zip	Malheur Council on Aging & Community Services / Ontario / Oregon	https://files.mobilitydatabase.org/mdb-141/latest.zip
mdb-142	https://www.valleyregionaltransit.org/GTFS/vrt_transit1.zip	Valley Regional Transit / Ada County / Idaho	https://files.mobilitydatabase.org/mdb-142/latest.zip
mdb-147	https://phoenixopendata.com/dataset/3eae9a4a-98b9-40c8-8df7-8c00c1756235/resource/28ccc0a5-49c8-495c-b91f-193de5ce2cb7/download/googletransit.zip	Valley Metro (VM) / Avondale / Arizona	https://files.mobilitydatabase.org/mdb-147/latest.zip
mdb-148	http://transit.sunmetro.net/google_transit/google_transit.zip	Sun Metro / El Paso / Texas	
mdb-150	https://data.texas.gov/download/r4v4-vz24/application/zip	Capital Metro / Austin / Texas	https://files.mobilitydatabase.org/mdb-150/latest.zip
mdb-152	http://www.dart.org/transitdata/latest/google_transit.zip	Dallas Area Rapid Transit (DART) / Dallas County / Texas	https://files.mobilitydatabase.org/mdb-152/latest.zip
mdb-153	http://data.trilliumtransit.com/gtfs/startransit-tx-us/startransit-tx-us.zip	STAR Transit / Balch Springs / Texas	https://files.mobilitydatabase.org/mdb-153/latest.zip
mdb-158	http://data.trilliumtransit.com/gtfs/cottonwood-az-us/cottonwood-az-us.zip	Cottonwood Area Transit (CAT) / Cottonwood / Arizona	https://files.mobilitydatabase.org/mdb-158/latest.zip
mdb-160	http://data.trilliumtransit.com/gtfs/redappletransit-nm-us/redappletransit-nm-us.zip	Red Apple Transit / San Juan County / New Mexico	https://files.mobilitydatabase.org/mdb-160/latest.zip
mdb-163	http://mjcaction.com/MJC_GTFS_Public/gunnisonrta_google_transit.zip	Gunnison Valley Transportation Authority (RTA) / Gunnison / Colorado	https://files.mobilitydatabase.org/mdb-163/latest.zip
mdb-164	http://data.trilliumtransit.com/gtfs/snowmassvillagetransportation-co-us/snowmassvillagetransportation-co-us.zip	Snowmass Village Transportation / Pitkin County / Colorado	https://files.mobilitydatabase.org/mdb-164/latest.zip
mdb-166	https://data.cabq.gov/transit/gtfs/google_transit.zip	ABQ RIDE / Albuquerque / New Mexico	https://files.mobilitydatabase.org/mdb-166/latest.zip
mdb-170	https://gtfsfeed.rideuta.com/GTFS.zip	Utah Transit Authority (UTA) / Salt Lake County / Utah	https://files.mobilitydatabase.org/mdb-170/latest.zip
mdb-171	https://pocatellotransit.com/gtfs/pocatello-regional-transit-gtfs.zip?v=current	Pocatello Regional Transit / Bannock County / Idaho	https://files.mobilitydatabase.org/mdb-171/latest.zip
mdb-172	http://data.trilliumtransit.com/gtfs/cme-co-us/cme-co-us.zip	Colorado Mountain Express / Glenwood Springs / Colorado	https://files.mobilitydatabase.org/mdb-172/latest.zip
mdb-174	http://data.trilliumtransit.com/gtfs/vailtransit-co-us/vailtransit-co-us.zip	Vail Transit / Eagle County / Colorado	https://files.mobilitydatabase.org/mdb-174/latest.zip
mdb-175	http://data.trilliumtransit.com/gtfs/winterpark-co-us/winterpark-co-us.zip	Winter Park Transit / Grand County / Colorado	https://files.mobilitydatabase.org/mdb-175/latest.zip
mdb-178	https://www.rtd-denver.com/files/gtfs/google_transit.zip	Regional Transportation District (RTD) / Adams County / Colorado	https://files.mobilitydatabase.org/mdb-178/latest.zip
mdb-181	http://data.trilliumtransit.com/gtfs/universitycoloradoboulder-co-us/universitycoloradoboulder-co-us.zip	University of Colorado Boulder / Boulder County / Colorado	https://files.mobilitydatabase.org/mdb-181/latest.zip
mdb-182	http://www.cartgps.com/gtfs	Campus Area Rapid Transit (CART) / Norman / Oklahoma	https://files.mobilitydatabase.org/mdb-182/latest.zip
mdb-187	http://www.kc-metro.com/gtf/google_transit.zip	Kansas City Area Transportation Authority (KCATA) / Johnson County / Kansas	https://files.mobilitydatabase.org/mdb-187/latest.zip
mdb-190	http://metrostlouis.org/Transit/google_transit.zip	Metro St. Louis / Madison County / Illinois	
mdb-191	http://data.trilliumtransit.com/gtfs/siouxcity-ia-us/siouxcity-ia-us.zip	Sioux City Transit System / Sioux City / Iowa	https://files.mobilitydatabase.org/mdb-191/latest.zip
mdb-193	https://www.ridedart.com/gtfs/data/gtfsdata	Des Moines Area Regional Transit Authority (DART) / Ankeny / Iowa	https://files.mobilitydatabase.org/mdb-193/latest.zip
mdb-194	http://data.trilliumtransit.com/gtfs/marshalltownmunicipaltransit-ia-us/marshalltownmunicipaltransit-ia-us.zip	Marshalltown Municipal Transit / Marshall County / Iowa	https://files.mobilitydatabase.org/mdb-194/latest.zip
mdb-195	http://data.trilliumtransit.com/gtfs/10-15transit-ia-us/10-15transit-ia-us.zip	10-15 Transit / Ottumwa / Iowa	https://files.mobilitydatabase.org/mdb-195/latest.zip
mdb-196	http://data.trilliumtransit.com/gtfs/coralvilletransitsystem-ia-us/coralvilletransitsystem-ia-us.zip	Coralville Transit / Johnson County / Iowa	https://files.mobilitydatabase.org/mdb-196/latest.zip
mdb-197	http://data.trilliumtransit.com/gtfs/cambus-ia-us/cambus-ia-us.zip	University of Iowa - CAMBUS (CAMBUS) / Johnson County / Iowa	https://files.mobilitydatabase.org/mdb-197/latest.zip
mdb-198	http://data.trilliumtransit.com/gtfs/cedarrapids-ia-us/cedarrapids-ia-us.zip	Cedar Rapids Transit / Linn County / Iowa	https://files.mobilitydatabase.org/mdb-198/latest.zip
mdb-199	http://data.trilliumtransit.com/gtfs/burlington-ia-us/burlington-ia-us.zip	Burlington Urban Service / Des Moines County / Iowa	https://files.mobilitydatabase.org/mdb-199/latest.zip
mdb-200	http://data.trilliumtransit.com/gtfs/muscabus-ia-us/muscabus-ia-us.zip	MuscaBus / Muscatine County / Iowa	https://files.mobilitydatabase.org/mdb-200/latest.zip
mdb-201	http://www.gogreenmetro.com/latest/google_transit.zip	Metro Rock Island County Metropolitan Mass Transit District / Rock Island County / Illinois	
mdb-202	http://data.trilliumtransit.com/gtfs/clintonmta-ia-us/clintonmta-ia-us.zip	Clinton Municipal Transit Administration (Clinton MTA) / Clinton / Iowa	https://files.mobilitydatabase.org/mdb-202/latest.zip
mdb-203	http://data.trilliumtransit.com/gtfs/dart-ia-us/dart-ia-us.zip	Dodger Area Rapid Transit / Webster County / Iowa	https://files.mobilitydatabase.org/mdb-203/latest.zip
mdb-204	http://data.trilliumtransit.com/gtfs/masoncity-ia-us/masoncity-ia-us.zip	Mason City Public Transit / Mason City / Iowa	https://files.mobilitydatabase.org/mdb-204/latest.zip
mdb-205	https://svc.metrotransit.org/mtgtfs/gtfs.zip	Metro Transit / Anoka / Minnesota	https://files.mobilitydatabase.org/mdb-205/latest.zip
mdb-206	http://srv.mvta.com/InfoPoint/GTFS-Zip.ashx	Minnesota Valley Transit Authority (MVTA) / Apple Valley / Minnesota	https://files.mobilitydatabase.org/mdb-206/latest.zip
mdb-210	https://data.trilliumtransit.com/gtfs/acrta-oh-us/acrta-oh-us.zip	Allen County Regional Transit Authority / Allen County / Ohio	https://files.mobilitydatabase.org/mdb-210/latest.zip
mdb-212	http://data.trilliumtransit.com/gtfs/allpointstransit-co-us/allpointstransit-co-us.zip	All Points Transit / Montrose / Colorado	https://files.mobilitydatabase.org/mdb-212/latest.zip
mdb-220	http://data.trilliumtransit.com/gtfs/banning-ca-us/banning-ca-us.zip	City of Banning Transit / Banning / California	https://files.mobilitydatabase.org/mdb-220/latest.zip
mdb-224	http://data.trilliumtransit.com/gtfs/baytransit-va-us/baytransit-va-us.zip	Bay Transit / Gloucester County / Virginia	https://files.mobilitydatabase.org/mdb-224/latest.zip
mdb-225	http://gtfs.muni.org/People_Mover.gtfs.zip	Anchorage People Mover / Anchorage / Alaska	https://files.mobilitydatabase.org/mdb-225/latest.zip
mdb-231	https://github.com/transitland/gtfs-archives-not-hosted-elsewhere/raw/master/bethesdacirculator-md-us.zip	Bethesda Circulator / Bethesda / Maryland	
mdb-233	https://s3.amazonaws.com/datatools-511ny/public/Birnie_Bus.zip	Birnie Bus / Oneida County / New York	https://files.mobilitydatabase.org/mdb-233/latest.zip
mdb-234	http://data.trilliumtransit.com/gtfs/blackhawktramway-co-us/blackhawktramway-co-us.zip	Blackhawk and Central City Tramway / Gilpin County / Colorado	https://files.mobilitydatabase.org/mdb-234/latest.zip
mdb-235	http://data.trilliumtransit.com/gtfs/blackstone-va-us/blackstone-va-us.zip	Blackstone Area Bus Service / Nottoway County / Virginia	https://files.mobilitydatabase.org/mdb-235/latest.zip
mdb-236	http://data.trilliumtransit.com/gtfs/blossomexpress-ca-us/blossomexpress-ca-us.zip	Blossom Express / San Joaquin County / California	https://files.mobilitydatabase.org/mdb-236/latest.zip
mdb-238	http://data.trilliumtransit.com/gtfs/bristol-va-us/bristol-va-us.zip	Bristol Virginia Transit / Bristol / Tennessee	https://files.mobilitydatabase.org/mdb-238/latest.zip
mdb-243	http://data.trilliumtransit.com/gtfs/interisland-ak-us/interisland-ak-us.zip	Inter-Island Ferry / Ketchikan / Alaska	https://files.mobilitydatabase.org/mdb-243/latest.zip
mdb-244	http://data.trilliumtransit.com/gtfs/kgb-ak-us/kgb-ak-us.zip	Ketchikan Gateway Borough / Ketchikan Gateway / Alaska	https://files.mobilitydatabase.org/mdb-244/latest.zip
mdb-245	https://business.wsdot.wa.gov/Transit/csv_files/InterCityBus/WSDOT_GTFS_Intercity.zip	Washington State Department of Transportation (WSDOT Apple Line) / King County / Washington	https://files.mobilitydatabase.org/mdb-245/latest.zip
mdb-246	https://oregon-gtfs.trilliumtransit.com/gtfs_data/tillamookcounty-or-us/tillamookcounty-or-us.zip	Sunset Empire Transportation District (SETD), Tillamook County Transportation District, Columbia County Rider / Clatsop County / Oregon	https://files.mobilitydatabase.org/mdb-246/latest.zip
mdb-247	http://developer.trimet.org/schedule/gtfs.zip	TriMet, Portland Streetcar / Beaverton / Oregon	https://files.mobilitydatabase.org/mdb-247/latest.zip
mdb-249	http://data.trilliumtransit.com/gtfs/wotm-wa-us/wotm-wa-us.zip	Wahkiakum on the Move / Longview / Washington	https://files.mobilitydatabase.org/mdb-249/latest.zip
mdb-250	http://ycta.connexionz.net/rtt/public/resource/gtfs.zip	Yamhill County Transit Area / Forest Grove / Oregon	https://files.mobilitydatabase.org/mdb-250/latest.zip
mdb-251	https://oregon-gtfs.trilliumtransit.com/gtfs_data/woodburn-or-us/woodburn-or-us.zip	Woodburn Transit Service (WTS) / Marion County / Oregon	https://files.mobilitydatabase.org/mdb-251/latest.zip
mdb-252	https://oregon-gtfs.trilliumtransit.com/gtfs_data/canbytransit-or-us/canbytransit-or-us.zip	Canby Area Transit (CAT) / Canby / Oregon	https://files.mobilitydatabase.org/mdb-252/latest.zip
mdb-253	https://oregon-gtfs.trilliumtransit.com/gtfs_data/rideconnection-or-us/rideconnection-or-us.zip	Ride Connection / Forest Grove / Oregon	https://files.mobilitydatabase.org/mdb-253/latest.zip
mdb-254	https://oregon-gtfs.trilliumtransit.com/gtfs_data/washingtonparkshuttle-or-us/washingtonparkshuttle-or-us.zip	Washington Park Shuttle / Multnomah County / Oregon	https://files.mobilitydatabase.org/mdb-254/latest.zip
mdb-255	https://oregon-gtfs.trilliumtransit.com/gtfs_data/swanisland-or-us/swanisland-or-us.zip	Swan Island Evening Shuttle / Multnomah County / Oregon	https://files.mobilitydatabase.org/mdb-255/latest.zip
mdb-258	https://www.c-tran.com/images/Google/GoogleTransitUpload.zip	C-TRAN / Multnomah County / Oregon	https://files.mobilitydatabase.org/mdb-258/latest.zip
mdb-259	http://data.trilliumtransit.com/gtfs/rivercitiestransit-wa-us/rivercitiestransit-wa-us.zip	RiverCities Transit (RCT) / Cowlitz County / Washington	https://files.mobilitydatabase.org/mdb-259/latest.zip
mdb-260	https://oregon-gtfs.trilliumtransit.com/gtfs_data/hoodriver-or-us/hoodriver-or-us.zip	Columbia Area Transit (CAT) / Hood River / Oregon	https://files.mobilitydatabase.org/mdb-260/latest.zip
mdb-261	https://oregon-gtfs.trilliumtransit.com/gtfs_data/sandy-or-us/sandy-or-us.zip	Sandy Area Metro (SAM) / Clackamas County / Oregon	https://files.mobilitydatabase.org/mdb-261/latest.zip
mdb-262	https://data.trilliumtransit.com/gtfs/skamaniacounty-wa-us/skamaniacounty-wa-us.zip	Skamania County Transit / Vancouver / Washington	https://files.mobilitydatabase.org/mdb-262/latest.zip
mdb-263	http://mjcaction.com/MJC_GTFS_Public/graysharbor_google_transit.zip	Grays Harbor Transit / Aberdeen / Washington	https://files.mobilitydatabase.org/mdb-263/latest.zip
mdb-264	https://data.trilliumtransit.com/gtfs/mason-wa-us/mason-wa-us.zip	Mason Transit Authority / Mason County / Washington	https://files.mobilitydatabase.org/mdb-264/latest.zip
mdb-265	https://gtfs.sound.obaweb.org/prod/3_gtfs.zip	Pierce Transit / Burien / Washington	https://files.mobilitydatabase.org/mdb-265/latest.zip
mdb-266	https://its.rideralerts.com/InfoPoint/gtfs-zip.ashx	Intercity Transit / Joint Base Lewis-McChord / Washington	https://files.mobilitydatabase.org/mdb-266/latest.zip
mdb-267	http://metro.kingcounty.gov/GTFS/google_transit.zip	Sound Transit, Metro Transit, City of Seattle - King County Metro / King County / Washington	https://files.mobilitydatabase.org/mdb-267/latest.zip
mdb-268	https://gtfs.sound.obaweb.org/prod/40_gtfs.zip	Sound Transit / Bellevue / Washington	https://files.mobilitydatabase.org/mdb-268/latest.zip
mdb-271	https://data.trilliumtransit.com/gtfs/pfp-wa-us/pfp-wa-us.zip	People for People (Community Connector) / Yakima County / Washington	https://files.mobilitydatabase.org/mdb-271/latest.zip
mdb-275	https://link.rideralerts.com/InfoPoint/gtfs-zip.ashx	Link Transit / Chelan / Washington	
mdb-276	https://yakimatransit.org/gtfs/yakima_gtfs.zip	Yakima Transit / Yakima County / Washington	https://files.mobilitydatabase.org/mdb-276/latest.zip
mdb-277	http://data.trilliumtransit.com/gtfs/uniongap-wa-us/uniongap-wa-us.zip	Union Gap / Union Gap / Washington	https://files.mobilitydatabase.org/mdb-277/latest.zip
mdb-279	http://mjcaction.com/MJC_GTFS_Public/clallam_google_transit.zip	Clallam Transit System / Clallam County / Washington	https://files.mobilitydatabase.org/mdb-279/latest.zip
mdb-280	https://data.trilliumtransit.com/gtfs/islandtransit-wa-us/islandtransit-wa-us.zip	Island Transit / Island County / Washington	https://files.mobilitydatabase.org/mdb-280/latest.zip
mdb-283	https://business.wsdot.wa.gov/Transit/csv_files/wsf/google_transit.zip	Washington State Ferries / King County / Washington	https://files.mobilitydatabase.org/mdb-283/latest.zip
mdb-284	https://github.com/whatcomtrans/publicwtadata/raw/master/GTFS/wta_gtfs_latest.zip	Whatcom Transportation Authority / Bellingham / Washington	https://files.mobilitydatabase.org/mdb-284/latest.zip
mdb-287	https://www.communitytransit.org/docs/default-source/open-data/gtfs/current.zip	Community Transit (CT) / Arlington / Washington	https://files.mobilitydatabase.org/mdb-287/latest.zip
mdb-289	https://oregon-gtfs.trilliumtransit.com/gtfs_data/northeast-or-us/northeast-or-us.zip	Wallowa Community Connection (WCC), Northeast Oregon Public Transit / La Grande / Oregon	https://files.mobilitydatabase.org/mdb-289/latest.zip
mdb-290	https://www.spokanetransit.com/gtfs	Spokane Transit Authority (STA) / Airway Heights / Washington	https://files.mobilitydatabase.org/mdb-290/latest.zip
mdb-292	http://www.mountainline.com/files/MUTD_GTFS.zip	Mountain Line / Missoula / Montana	https://files.mobilitydatabase.org/mdb-292/latest.zip
mdb-294	http://data.trilliumtransit.com/gtfs/cityandboroughofjuneau-ak-us/cityandboroughofjuneau-ak-us.zip	Capital Transit / Juneau / Alaska	https://files.mobilitydatabase.org/mdb-294/latest.zip
mdb-295	http://data.trilliumtransit.com/gtfs/streamlinetransit-mt-us/streamlinetransit-mt-us.zip	Streamline / Bozeman / Montana	https://files.mobilitydatabase.org/mdb-295/latest.zip
mdb-299	https://gitlab.com/LACMTA/gtfs_lax/-/archive/master/gtfs_lax-master.zip?path=catalina_express	Catalina Express / Long Beach / California	https://files.mobilitydatabase.org/mdb-299/latest.zip
mdb-301	https://duluthtransit.com/gtf/google_transit.zip	Duluth Transit / Duluth / Minnesota	https://files.mobilitydatabase.org/mdb-301/latest.zip
mdb-302	https://s3.amazonaws.com/datatools-511ny/public/Corning_Erwin_Area_Transit_System_CEATS.zip	Corning Erwin Area Transit System (CEATS) / Steuben County / New York	https://files.mobilitydatabase.org/mdb-302/latest.zip
mdb-304	https://s3.amazonaws.com/datatools-511ny/public/CARTS_Chautauqua_Area_Regional_Transit_System_-_City_Routes.zip	Chautauqua Area Regional Transit System (CARTS) / Chautauqua County / New York	https://files.mobilitydatabase.org/mdb-304/latest.zip
mdb-307	http://www.go-metro.com/uploads/GTFS/google_transit_info.zip	Cincinnati Metro / Addyston / Ohio	https://files.mobilitydatabase.org/mdb-307/latest.zip
mdb-308	http://data.trilliumtransit.com/gtfs/cityofdekalb-il-us/cityofdekalb-il-us.zip	DeKalb Public Transit / DeKalb County / Illinois	https://files.mobilitydatabase.org/mdb-308/latest.zip
mdb-309	http://data.trilliumtransit.com/gtfs/cityoffountaintransit-co-us/cityoffountaintransit-co-us.zip	City of Fountain Transit / Fountain / Colorado	https://files.mobilitydatabase.org/mdb-309/latest.zip
mdb-312	http://oregon-gtfs.trilliumtransit.com/gtfs_data/clackamascounty-or-us/clackamascounty-or-us.zip	ClackCo Connects (Clackamas County) / Clackamas County / Oregon	https://files.mobilitydatabase.org/mdb-312/latest.zip
mdb-313	http://data.trilliumtransit.com/gtfs/clearcreek-co-us/clearcreek-co-us.zip	Clear Creek County Transit / Clear Creek County / Colorado	https://files.mobilitydatabase.org/mdb-313/latest.zip
mdb-316	http://data.trilliumtransit.com/gtfs/corridorrides-ia-us/corridorrides-ia-us.zip	CorridorRides / Johnson County / Iowa	https://files.mobilitydatabase.org/mdb-316/latest.zip
mdb-317	http://data.trilliumtransit.com/gtfs/cripplecreek-co-us/cripplecreek-co-us.zip	Cripple Creek Transportation / Cripple Creek / Colorado	https://files.mobilitydatabase.org/mdb-317/latest.zip
mdb-320	https://data.trilliumtransit.com/gtfs/delano-ca-us/delano-ca-us.zip	Delano Area Rapid Transit / Delano / California	https://files.mobilitydatabase.org/mdb-320/latest.zip
mdb-324	https://www.leegov.com/leetran/Documents/GTFS.zip	LeeTran / Lee County / Florida	https://files.mobilitydatabase.org/mdb-324/latest.zip
mdb-325	http://www.gohart.org/google/google_transit.zip	Hillsborough Area Regional Transit (HART) / Hillsborough County / Florida	https://files.mobilitydatabase.org/mdb-325/latest.zip
mdb-326	http://www.psta.net/latest/Google_transit.zip	Pinellas Suncoast Transit Authority (PSTA) / Saint Petersburg / Florida	
mdb-329	https://github.com/CUTR-at-USF/bullrunner-gtfs-realtime-generator/raw/master/bullrunner-gtfs.zip	USF Bull Runner / Tampa / Florida	https://files.mobilitydatabase.org/mdb-329/latest.zip
mdb-330	https://www.broward.org/bct/documents/google_transit.zip	Broward County Transit / Broward County / Florida	https://files.mobilitydatabase.org/mdb-330/latest.zip
mdb-331	http://www.miamidade.gov/transit/googletransit/current/google_transit.zip	Miami-Dade Transit / Aventura / Florida	https://files.mobilitydatabase.org/mdb-331/latest.zip
mdb-332	http://www.palmtran.org/feed/google_transit.zip	Palm Tran / Boca Raton / Florida	https://files.mobilitydatabase.org/mdb-332/latest.zip
mdb-334	http://data.trilliumtransit.com/gtfs/districtthree-va-us/districtthree-va-us.zip	Mountain Lynx Transit / Washington County / Virginia	https://files.mobilitydatabase.org/mdb-334/latest.zip
mdb-338	http://data.trilliumtransit.com/gtfs/montgomerytransit-al-us/montgomerytransit-al-us.zip	Montgomery Transit / Montgomery / Alabama	https://files.mobilitydatabase.org/mdb-338/latest.zip
mdb-340	http://data.trilliumtransit.com/gtfs/pascocountypublictransit-fl-us/pascocountypublictransit-fl-us.zip	Pasco County Public Transportation / New Port Richey / Florida	https://files.mobilitydatabase.org/mdb-340/latest.zip
mdb-347	http://gtfsrt.golynx.com/gtfsrt/google_transit.zip	Central Florida Regional Transit Authority (LYNX) / Altamonte Springs / Florida	https://files.mobilitydatabase.org/mdb-347/latest.zip
mdb-348	http://data.trilliumtransit.com/gtfs/spacecoast-fl-us/spacecoast-fl-us.zip	Sarasota County Area Transit (SCAT) / Melbourne / Florida	https://files.mobilitydatabase.org/mdb-348/latest.zip
mdb-352	http://data.trilliumtransit.com/gtfs/carta-sc-us/carta-sc-us.zip	Charleston Area Regional Transportation Authority (CARTA) / Berkeley County / South Carolina	https://files.mobilitydatabase.org/mdb-352/latest.zip
mdb-360	https://www.wegotransit.com/googleexport/google_transit.zip	Nashville MTA WeGo Public Transit / Cheatham County / Tennessee	https://files.mobilitydatabase.org/mdb-360/latest.zip
mdb-361	http://data.trilliumtransit.com/gtfs/tma-tn-us/tma-tn-us.zip	Franklin Transit Authority / Franklin / Tennessee	https://files.mobilitydatabase.org/mdb-361/latest.zip
mdb-362	http://data.trilliumtransit.com/gtfs/bgcap-ky-us/bgcap-ky-us.zip	Blue Grass Community Action Partnership / Jessamine County / Kentucky	https://files.mobilitydatabase.org/mdb-362/latest.zip
mdb-368	https://www.itsmarta.com/google_transit_feed/google_transit.zip	Metropolitan Atlanta Rapid Transit Authority (MARTA) / Alpharetta / Georgia	https://files.mobilitydatabase.org/mdb-368/latest.zip
mdb-373	http://rapid.nationalrtap.org/GTFSFileManagement/UserUploadFiles/5137/gtfs.zip	Piedmont Authority for Regional Transportation (PART) / Guilford County / North Carolina	https://files.mobilitydatabase.org/mdb-373/latest.zip
mdb-381	http://data.trilliumtransit.com/gtfs/gltc-lynchburg-va-us/gltc-lynchburg-va-us.zip	Greater Lynchburg Transit Co. / Virginia	https://files.mobilitydatabase.org/mdb-381/latest.zip
mdb-389	https://www.transitchicago.com/downloads/sch_data/google_transit.zip	Chicago Transit Authority (CTA) / Cook County / Illinois	https://files.mobilitydatabase.org/mdb-389/latest.zip
mdb-391	https://bus.gocitybus.com/GTFSRT/citybus-lafayette-in-us.zip	CityBus of Greater Lafayette Indiana (CityBus) / Lafayette / Indiana	https://files.mobilitydatabase.org/mdb-391/latest.zip
mdb-393	http://data.trilliumtransit.com/gtfs/jts-wi-us/jts-wi-us.zip	Janesville Transit System / Janesville / Wisconsin	https://files.mobilitydatabase.org/mdb-393/latest.zip
mdb-394	http://transitdata.cityofmadison.com/GTFS/mmt_gtfs.zip	Metro Transit - City of Madison / Dane County / Wisconsin	https://files.mobilitydatabase.org/mdb-394/latest.zip
mdb-397	http://data.trilliumtransit.com/gtfs/oshkosh-wi-us/oshkosh-wi-us.zip	GO Transit / Winnebago County / Wisconsin	https://files.mobilitydatabase.org/mdb-397/latest.zip
mdb-399	http://data.trilliumtransit.com/gtfs/sheboygan-wi-us/sheboygan-wi-us.zip	Shoreline Metro / Sheboygan County / Wisconsin	https://files.mobilitydatabase.org/mdb-399/latest.zip
mdb-400	http://connect.ridetherapid.org/InfoPoint/gtfs-zip.ashx	The Rapid / East Grand Rapids / Michigan	https://files.mobilitydatabase.org/mdb-400/latest.zip
mdb-402	http://developers.cata.org/gtfsdownload.ashx?key=5b4690ed-0a69-4320-897b-7d92def4b96f&data=base	Capital Area Transportation Authority (CATA) / Clinton County / Michigan	https://files.mobilitydatabase.org/mdb-402/latest.zip
mdb-403	http://proc.greaterdaytonrta.org/gtfs/google_transit.zip	Greater Dayton Regional Transit Authority (Greater Dayton RTA) / Montgomery County / Ohio	https://files.mobilitydatabase.org/mdb-403/latest.zip
mdb-404	http://www.cota.com/data/cota.gtfs.zip	Central Ohio Transit Authority (COTA) / Columbus / Ohio	https://files.mobilitydatabase.org/mdb-404/latest.zip
mdb-406	https://www.riderta.com/sites/default/files/gtfs/latest/google_transit.zip	Greater Cleveland Regional Transit Authority / Brook Park / Ohio	https://files.mobilitydatabase.org/mdb-406/latest.zip
mdb-407	http://site.busride.org/google/google_transit.zip	Mountain Line Transit Authority / Morgantown / West Virginia	https://files.mobilitydatabase.org/mdb-407/latest.zip
mdb-409	https://www.portauthority.org/developerresources/GTFS.zip	Port Authority of Allegheny County / Allegheny County / Pennsylvania	https://files.mobilitydatabase.org/mdb-409/latest.zip
mdb-410	http://data.trilliumtransit.com/gtfs/lakecounty-oh-us/lakecounty-oh-us.zip	Laketran / Lake County / Ohio	https://files.mobilitydatabase.org/mdb-410/latest.zip
mdb-414	https://apps1.smartbus.org/gtfs/smart_gtfs.zip	Suburban Mobility Authority for Regional Transit (SMART) / Allen Park / Michigan	https://files.mobilitydatabase.org/mdb-414/latest.zip
mdb-415	https://www.theride.org/sites/default/files/google/google_transit.zip	Ann Arbor Area Transportation Authority (TheRide) / Washtenaw County / Michigan	https://files.mobilitydatabase.org/mdb-415/latest.zip
mdb-420	http://data.trilliumtransit.com/gtfs/marthasvineyard-ma-us/marthasvineyard-ma-us.zip	Martha's Vineyard Transit Authority / Dukes County / Massachusetts	https://files.mobilitydatabase.org/mdb-420/latest.zip
mdb-421	http://data.trilliumtransit.com/gtfs/srta-ma-us/srta-ma-us.zip	Southeastern Regional Transit Authority (SRTA) / Bristol County / Massachusetts	https://files.mobilitydatabase.org/mdb-421/latest.zip
mdb-422	http://data.trilliumtransit.com/gtfs/brockton-ma-us/brockton-ma-us.zip	Brockton Area Transit Authority (BAT) / Brockton / Massachusetts	https://files.mobilitydatabase.org/mdb-422/latest.zip
mdb-424	http://data.trilliumtransit.com/gtfs/patriotpartyboats-ma-us/patriotpartyboats-ma-us.zip	Patriots Party Boats / Barnstable County / Massachusetts	https://files.mobilitydatabase.org/mdb-424/latest.zip
mdb-425	http://data.trilliumtransit.com/gtfs/freedomcruiseline-ma-us/freedomcruiseline-ma-us.zip	Freedom Cruise Line / Harwich / Massachusetts	
mdb-426	http://data.trilliumtransit.com/gtfs/nantucket-ma-us/nantucket-ma-us.zip	Nantucket Regional Transit Authority (WAVE) / Nantucket County / Massachusetts	https://files.mobilitydatabase.org/mdb-426/latest.zip
mdb-429	https://data.trilliumtransit.com/gtfs/frta-ma-us/frta-ma-us.zip	Franklin Regional Transit Authority (FRTA) / Greenfield / Massachusetts	https://files.mobilitydatabase.org/mdb-429/latest.zip
mdb-430	http://data.trilliumtransit.com/gtfs/thebus-vt-us/thebus-vt-us.zip	Marble Valley Regional Transit District (MVRTD) / Addison County / Vermont	https://files.mobilitydatabase.org/mdb-430/latest.zip
mdb-433	http://data.trilliumtransit.com/gtfs/montachusett-ma-us/montachusett-ma-us.zip	Montachusett Regional Transit Authority (MART) / Worcester County / Massachusetts	https://files.mobilitydatabase.org/mdb-433/latest.zip
mdb-437	https://cdn.mbta.com/MBTA_GTFS.zip	Massachusetts Bay Transportation Authority (MBTA) / Arlington / Massachusetts	https://files.mobilitydatabase.org/mdb-437/latest.zip
mdb-439	http://vc.mwrta.com/gtfs/google_transit.zip	MetroWest Regional Transit Authority (MWRTA) / Middlesex County / Massachusetts	https://files.mobilitydatabase.org/mdb-439/latest.zip
mdb-441	https://data.trilliumtransit.com/gtfs/massport-ma-us/massport-ma-us.zip	Massport / Suffolk County / Massachusetts	https://files.mobilitydatabase.org/mdb-441/latest.zip
mdb-442	http://data.trilliumtransit.com/gtfs/middlesex-ma-us/middlesex-ma-us.zip	Middlesex 3 TMA / Bedford / Massachusetts	https://files.mobilitydatabase.org/mdb-442/latest.zip
mdb-443	http://data.trilliumtransit.com/gtfs/yankeeline-ma-us/yankeeline-ma-us.zip	Yankee Line / Acton / Massachusetts	https://files.mobilitydatabase.org/mdb-443/latest.zip
mdb-444	http://data.trilliumtransit.com/gtfs/lowell-ma-us/lowell-ma-us.zip	Lowell Regional Transit Authority (LRTA) / Middlesex County / Massachusetts	https://files.mobilitydatabase.org/mdb-444/latest.zip
mdb-445	http://data.trilliumtransit.com/gtfs/merrimackvalley-ma-us/merrimackvalley-ma-us.zip	Merrimack Valley Regional Transit Authority (MVRTA) / Andover / Massachusetts	https://files.mobilitydatabase.org/mdb-445/latest.zip
mdb-447	http://data.trilliumtransit.com/gtfs/capeann-ma-us/capeann-ma-us.zip	Cape Ann Transportation Authority (CATA) / Essex County / Massachusetts	https://files.mobilitydatabase.org/mdb-447/latest.zip
mdb-448	http://data.trilliumtransit.com/gtfs/ruralcommunity-vt-us/ruralcommunity-vt-us.zip	Rural Community Transportation (RCT) / Grafton County / New Hampshire	https://files.mobilitydatabase.org/mdb-448/latest.zip
mdb-450	http://data.trilliumtransit.com/gtfs/vttranslines-vt-us/vttranslines-vt-us.zip	Vermont Translines / Manchester / Vermont	https://files.mobilitydatabase.org/mdb-450/latest.zip
mdb-452	http://trilliumtransit.com/transit_feeds/rtp-me-us/rtp-me-us.zip	Lakes Region Explorer / Cumberland County / Maine	https://files.mobilitydatabase.org/mdb-452/latest.zip
mdb-455	http://data.trilliumtransit.com/gtfs/dsi-co-us/dsi-co-us.zip	Envida / El Paso County / Colorado	https://files.mobilitydatabase.org/mdb-455/latest.zip
mdb-456	https://durangogov.org/DocumentCenter/View/17688/Durango-Transit-GTFS-Data	Durango Transit / Durango / Colorado	https://files.mobilitydatabase.org/mdb-456/latest.zip
mdb-457	https://s3.amazonaws.com/datatools-511ny/public/Dutchess_County_Transit.zip	Dutchess County / Poughkeepsie / New York	https://files.mobilitydatabase.org/mdb-457/latest.zip
mdb-461	http://data.trilliumtransit.com/gtfs/farmville-va-us/farmville-va-us.zip	Farmville Area Bus / Prince Edward County / Virginia	https://files.mobilitydatabase.org/mdb-461/latest.zip
mdb-462	http://mjcaction.com/MJC_GTFS_Public/gallupexpress_google_transit.zip	Gallup Express / Gallup / New Mexico	
mdb-463	http://data.trilliumtransit.com/gtfs/get-va-us/get-va-us.zip	Greensville Emporia Transit / Emporia / Virginia	https://files.mobilitydatabase.org/mdb-463/latest.zip
mdb-464	https://www.detroitmi.gov/Portals/0/docs/deptoftransportation/pdfs/ddot_gtfs.zip	Detroit Department of Transportation (DDOT) / Detroit / Michigan	https://files.mobilitydatabase.org/mdb-464/latest.zip
mdb-466	https://mdotmta-gtfs.s3.amazonaws.com/mdotmta_gtfs_localbus.zip	Maryland Transit Administration / Anne Arundel County / Maryland	https://files.mobilitydatabase.org/mdb-466/latest.zip
mdb-467	https://mdotmta-gtfs.s3.amazonaws.com/mdotmta_gtfs_commuterbus.zip	Maryland Transit Administration / Annapolis / Maryland	https://files.mobilitydatabase.org/mdb-467/latest.zip
mdb-468	https://mdotmta-gtfs.s3.amazonaws.com/mdotmta_gtfs_marc.zip	Maryland Transit Administration / Washington / District of Columbia	https://files.mobilitydatabase.org/mdb-468/latest.zip
mdb-469	https://mdotmta-gtfs.s3.amazonaws.com/mdotmta_gtfs_lightrail.zip	Maryland Transit Administration / Anne Arundel County / Maryland	https://files.mobilitydatabase.org/mdb-469/latest.zip
mdb-470	https://mdotmta-gtfs.s3.amazonaws.com/mdotmta_gtfs_metro.zip	Maryland Transit Administration Metro Subway / Baltimore / Maryland	https://files.mobilitydatabase.org/mdb-470/latest.zip
mdb-472	http://data.trilliumtransit.com/gtfs/tarriver-nc-us/tarriver-nc-us.zip	Tar River Transit / Nash County / North Carolina	https://files.mobilitydatabase.org/mdb-472/latest.zip
mdb-473	https://gtfs.gohrt.com/gtfs/google_transit.zip	Hampton Roads Transit (HRT) / Norfolk / Virginia	https://files.mobilitydatabase.org/mdb-473/latest.zip
mdb-477	https://data.trilliumtransit.com/gtfs/princegeorgescounty-md-us/princegeorgescounty-md-us.zip	Prince George's County (The Bus) / Prince George's County / Maryland	https://files.mobilitydatabase.org/mdb-477/latest.zip
mdb-482	http://dashbus.com/google_transit.zip	Alexandria Transit Company (DASH) / Alexandria / Virginia	https://files.mobilitydatabase.org/mdb-482/latest.zip
mdb-483	https://www.fairfaxcounty.gov/connector/sites/connector/files/Assets/connector_gtfs.zip	Fairfax Connector / Washington / District of Columbia	https://files.mobilitydatabase.org/mdb-483/latest.zip
mdb-485	https://www.arlingtontransit.com/shared/content/gtfs/art/google_transit.zip	Arlington Transit / Arlington County / Virginia	https://files.mobilitydatabase.org/mdb-485/latest.zip
mdb-488	https://www.montgomerycountymd.gov/DOT-Transit/Resources/Files/GTFS/RideOnGTFS.zip	Montgomery County Department of Transportation (Ride On) / Montgomery County / Maryland	https://files.mobilitydatabase.org/mdb-488/latest.zip
mdb-489	http://data.trilliumtransit.com/gtfs/centralmarylandrta-md-us/centralmarylandrta-md-us.zip	Regional Transportation Agency of Central Maryland (RTA) / Anne Arundel County / Maryland	https://files.mobilitydatabase.org/mdb-489/latest.zip
mdb-502	https://www3.septa.org/developer/google_bus.zip	Southeastern Pennsylvania Transportation Authority (SEPTA) / New Castle County / Delaware	https://files.mobilitydatabase.org/mdb-502/latest.zip
mdb-503	https://www3.septa.org/developer/google_rail.zip	Southeastern Pennsylvania Transportation Authority (SEPTA) / New Castle County / Delaware	https://files.mobilitydatabase.org/mdb-503/latest.zip
mdb-507	http://web.mta.info/developers/data/lirr/google_transit.zip	Metropolitan Transit Authority (MTA) / Kings County / New York	https://files.mobilitydatabase.org/mdb-507/latest.zip
mdb-508	https://www.njtransit.com/bus_data.zip	New Jersey Transit (NJ Transit) / Essex County / New Jersey	https://files.mobilitydatabase.org/mdb-508/latest.zip
mdb-509	https://www.njtransit.com/rail_data.zip	New Jersey Transit (NJ Transit) / Essex County / New Jersey	https://files.mobilitydatabase.org/mdb-509/latest.zip
mdb-510	http://web.mta.info/developers/data/busco/google_transit.zip	Metropolitan Transit Authority (MTA) / Bronx County / New York	https://files.mobilitydatabase.org/mdb-510/latest.zip
mdb-511	http://web.mta.info/developers/files/google_transit_supplemented.zip	Metropolitan Transit Authority (MTA) / Kings County / New York	https://files.mobilitydatabase.org/mdb-511/latest.zip
mdb-512	http://web.mta.info/developers/data/nyct/bus/google_transit_brooklyn.zip	Metropolitan Transit Authority (MTA) / Kings County / New York	https://files.mobilitydatabase.org/mdb-512/latest.zip
mdb-513	http://web.mta.info/developers/data/nyct/bus/google_transit_manhattan.zip	Metropolitan Transit Authority (MTA) / New York County / New York	https://files.mobilitydatabase.org/mdb-513/latest.zip
mdb-514	http://web.mta.info/developers/data/nyct/bus/google_transit_staten_island.zip	Metropolitan Transit Authority (MTA) / Richmond County / New York	https://files.mobilitydatabase.org/mdb-514/latest.zip
mdb-515	http://nycferry.connexionz.net/rtt/public/utility/gtfs.aspx	NYC Ferry / Bronx County / New York	https://files.mobilitydatabase.org/mdb-515/latest.zip
mdb-516	http://web.mta.info/developers/data/nyct/subway/google_transit.zip	Metropolitan Transit Authority (MTA) / Bronx County / New York	https://files.mobilitydatabase.org/mdb-516/latest.zip
mdb-517	http://data.trilliumtransit.com/gtfs/path-nj-us/path-nj-us.zip	Port Authority Trans-Hudson (PATH) / Jersey City / New Jersey	
mdb-518	http://www.nyc.gov/html/dot/downloads/misc/siferry-gtfs.zip	Staten Island Ferry / New York County / New York	https://files.mobilitydatabase.org/mdb-518/latest.zip
mdb-519	http://mjcaction.com/MJC_GTFS_Public/downtown_nyc_google_transit.zip	Downtown Alliance / New York County / New York	https://files.mobilitydatabase.org/mdb-519/latest.zip
mdb-520	http://web.mta.info/developers/data/nyct/bus/google_transit_queens.zip	Metropolitan Transit Authority (MTA) / Queens County / New York	https://files.mobilitydatabase.org/mdb-520/latest.zip
mdb-521	https://www.nicebus.com/NICE/media/nicebus-gtfs/NICE_GTFS.zip	Nassau Inter-County Express (NICE Bus) / Flower Hill / New York	https://files.mobilitydatabase.org/mdb-521/latest.zip
mdb-524	http://web.mta.info/developers/data/mnr/google_transit.zip	Metro-North Railroad / Ansonia / Connecticut	https://files.mobilitydatabase.org/mdb-524/latest.zip
mdb-526	https://s3.amazonaws.com/datatools-511ny/public/UCAT_Ulster_County_Area_Transit.zip	Ulster County Area Transit / Ulster County / New York	https://files.mobilitydatabase.org/mdb-526/latest.zip
mdb-528	http://web.mta.info/developers/data/nyct/bus/google_transit_bronx.zip	Metropolitan Transit Authority (MTA) / Bronx County / New York	https://files.mobilitydatabase.org/mdb-528/latest.zip
mdb-530	http://data.trilliumtransit.com/gtfs/gbt-ct-us/gbt-ct-us.zip	Greater Bridgeport Transit / Bridgeport / Connecticut	https://files.mobilitydatabase.org/mdb-530/latest.zip
mdb-531	https://s3.amazonaws.com/datatools-511ny/public/Access_Allegany.zip	Access Allegany / Allegany County / New York	https://files.mobilitydatabase.org/mdb-531/latest.zip
mdb-532	https://s3.amazonaws.com/datatools-511ny/public/Hornell_Area_Transit.zip	Hornell Area Transit / Hornell / New York	
mdb-533	http://scheduledata.rgrta.com/google_transit.zip	Rochester-Genesee Regional Transportation Authority (RGRTA) / Monroe County / New York	https://files.mobilitydatabase.org/mdb-533/latest.zip
mdb-534	https://www.centro.org/CentroGTFS/CentroGTFS.zip	Centro / Syracuse / New York	https://files.mobilitydatabase.org/mdb-534/latest.zip
mdb-535	https://s3.amazonaws.com/tcat-gtfs/tcat-ny-us.zip	Tompkins Consolidated Area Transit Inc / East Ithaca / New York	https://files.mobilitydatabase.org/mdb-535/latest.zip
mdb-536	https://s3.amazonaws.com/datatools-511ny/public/Chenango_First_Transit.zip	Chenango First Transit / Chenango County / New York	https://files.mobilitydatabase.org/mdb-536/latest.zip
mdb-537	http://data.trilliumtransit.com/gtfs/berkshire-ma-us/berkshire-ma-us.zip	Berkshire Regional Transit Authority (BRTA) / Pittsfield / Massachusetts	https://files.mobilitydatabase.org/mdb-537/latest.zip
mdb-538	http://www.cdta.org/schedules/google_transit.zip	Capital District Transportation Authority (CDTA) / Albany County / New York	https://files.mobilitydatabase.org/mdb-538/latest.zip
mdb-539	http://data.trilliumtransit.com/gtfs/greenmtncn-vt-us/greenmtncn-vt-us.zip	Green Mountain Community Network (GMCN) / Williamstown / Massachusetts	https://files.mobilitydatabase.org/mdb-539/latest.zip
mdb-541	https://s3.amazonaws.com/datatools-511ny/public/City_of_Mechanicville_Public_Transit.zip	City of Mechanicville Public Transit / City of Mechanicville / New York	https://files.mobilitydatabase.org/mdb-541/latest.zip
mdb-544	https://s3.amazonaws.com/datatools-511ny/public/Clinton_County_Public_Transit.zip	Clinton County Public Transit (CCPT) / Clinton County / New York	https://files.mobilitydatabase.org/mdb-544/latest.zip
mdb-545	https://s3.amazonaws.com/datatools-511ny/public/Franklin_County_Public_Transportation.zip	Franklin County Public Transportation / Malone / New York	https://files.mobilitydatabase.org/mdb-545/latest.zip
mdb-546	https://s3.amazonaws.com/datatools-511ny/public/North_Country_Express.zip	North Country Express Transit / Plattsburgh / New York	https://files.mobilitydatabase.org/mdb-546/latest.zip
mdb-547	http://data.trilliumtransit.com/gtfs/lctferries-vt-us/lctferries-vt-us.zip	Lake Champlain Ferries / Clinton County / New York	https://files.mobilitydatabase.org/mdb-547/latest.zip
mdb-551	http://data.trilliumtransit.com/gtfs/ninetown-connecticut-us/ninetown-connecticut-us.zip	Middletown Area Transit (MAT) / Clinton / Connecticut	https://files.mobilitydatabase.org/mdb-551/latest.zip
mdb-553	https://www.cttransit.com/sites/default/files/gtfs/googlect_transit.zip	Connecticut Transit / Beacon Falls / Connecticut	https://files.mobilitydatabase.org/mdb-553/latest.zip
mdb-554	http://data.trilliumtransit.com/gtfs/blockislandferry-ri-us/blockislandferry-ri-us.zip	Block Island Ferry / Fall River / Massachusetts	https://files.mobilitydatabase.org/mdb-554/latest.zip
mdb-556	http://data.trilliumtransit.com/gtfs/plymouthbrockton-ma-us/plymouthbrockton-ma-us.zip	Plymouth & Brockton Street Railway Co / Barnstable / Massachusetts	https://files.mobilitydatabase.org/mdb-556/latest.zip
mdb-559	http://data.trilliumtransit.com/gtfs/iowacitytransit-ia-us/iowacitytransit-ia-us.zip	Iowa City Transit System / Johnson County / Iowa	https://files.mobilitydatabase.org/mdb-559/latest.zip
mdb-566	https://s3.amazonaws.com/datatools-511ny/public/Lewis_County.zip	Lewis County Public Transportation / Lewis County / New York	https://files.mobilitydatabase.org/mdb-566/latest.zip
mdb-568	http://data.trilliumtransit.com/gtfs/lowercolumbiacap-wa-us/lowercolumbiacap-wa-us.zip	Lower Columbia CAP (Community Action Program) / Cowlitz County / Washington	https://files.mobilitydatabase.org/mdb-568/latest.zip
mdb-569	http://data.trilliumtransit.com/gtfs/lubbock-tx-us/lubbock-tx-us.zip	Citibus / Lubbock County / Texas	https://files.mobilitydatabase.org/mdb-569/latest.zip
mdb-571	http://macog.com/google/google_transit.zip	Interurban Trolley / Elkhart County / Indiana	https://files.mobilitydatabase.org/mdb-571/latest.zip
mdb-572	http://data.trilliumtransit.com/gtfs/maderactc-ca-us/maderactc-ca-us.zip	Madera County Transit / Madera County / California	https://files.mobilitydatabase.org/mdb-572/latest.zip
mdb-573	https://s3.amazonaws.com/datatools-511ny/public/Madison_Transit_Services.zip	Madison County Transit / Madison County / New York	https://files.mobilitydatabase.org/mdb-573/latest.zip
mdb-578	http://data.trilliumtransit.com/gtfs/moorparkcitytransit-ca-us/moorparkcitytransit-ca-us.zip	Moorpark City Transit / Ventura County / California	https://files.mobilitydatabase.org/mdb-578/latest.zip
mdb-579	http://data.trilliumtransit.com/gtfs/morongobasin-ca-us/morongobasin-ca-us.zip	Morongo Basin Transit Authority / San Bernardino County / California	https://files.mobilitydatabase.org/mdb-579/latest.zip
mdb-580	http://data.trilliumtransit.com/gtfs/mountadams-wa-us/mountadams-wa-us.zip	Mount Adams Transportation Service / Klickitat County / Washington	https://files.mobilitydatabase.org/mdb-580/latest.zip
mdb-581	http://mjcaction.com/MJC_GTFS_Public/cb_mtnexpress_google_transit.zip	Mountain Express (MtnExp) / Crested Butte / Colorado	
mdb-583	http://data.trilliumtransit.com/gtfs/needles-ca-us/needles-ca-us.zip	Needles Area Transit / Needles / California	https://files.mobilitydatabase.org/mdb-583/latest.zip
mdb-585	http://www.mysouthshoreline.com/google/google_transit.zip	South Shore Line / Chicago / Illinois	https://files.mobilitydatabase.org/mdb-585/latest.zip
mdb-586	https://s3.amazonaws.com/datatools-511ny/public/Olean_Area_Transit_System.zip	Olean Area Transit System / Cattaraugus County / New York	https://files.mobilitydatabase.org/mdb-586/latest.zip
mdb-589	https://s3.amazonaws.com/datatools-511ny/public/Otsego_Express_Public_Transit.zip	Otsego Express Public Transportation / Otsego County / New York	https://files.mobilitydatabase.org/mdb-589/latest.zip
mdb-590	https://oregon-gtfs.trilliumtransit.com/gtfs_data/pendleton-or-us/pendleton-or-us.zip	Let'er Bus / Umatilla County / Oregon	https://files.mobilitydatabase.org/mdb-590/latest.zip
mdb-591	http://data.trilliumtransit.com/gtfs/petersburg-va-us/petersburg-va-us.zip	Petersburg Area Transit / Petersburg / Virginia	https://files.mobilitydatabase.org/mdb-591/latest.zip
mdb-599	http://data.trilliumtransit.com/gtfs/vacavillecitycoach-ca-us/vacavillecitycoach-ca-us.zip	City Coach / Vacaville / California	
mdb-605	https://oregon-gtfs.trilliumtransit.com/gtfs_data/canbyferry-or-us/canbyferry-or-us.zip	Canby Ferry / Clackamas County / Oregon	https://files.mobilitydatabase.org/mdb-605/latest.zip
mdb-607	http://data.trilliumtransit.com/gtfs/homejames-co-us/homejames-co-us.zip	Home James / Winter Park / Colorado	https://files.mobilitydatabase.org/mdb-607/latest.zip
mdb-608	http://data.trilliumtransit.com/gtfs/wintran-va-us/wintran-va-us.zip	WinTran / Frederick County / Virginia	https://files.mobilitydatabase.org/mdb-608/latest.zip
mdb-611	http://data.trilliumtransit.com/gtfs/grahamtransit-va-us/grahamtransit-va-us.zip	Graham Transit / Tazewell County / Virginia	https://files.mobilitydatabase.org/mdb-611/latest.zip
mdb-613	https://s3.amazonaws.com/datatools-511ny/public/Greene_County_Transit.zip	Greene County Transit / Catskill / New York	https://files.mobilitydatabase.org/mdb-613/latest.zip
mdb-617	http://data.trilliumtransit.com/gtfs/guadalupeflyer-ca-us/guadalupeflyer-ca-us.zip	Guadalupe Flyer / Guadalupe / California	https://files.mobilitydatabase.org/mdb-617/latest.zip
mdb-618	http://data.trilliumtransit.com/gtfs/harborconnector-md-us/harborconnector-md-us.zip	Harbor Connector / Baltimore / Maryland	https://files.mobilitydatabase.org/mdb-618/latest.zip
mdb-619	http://data.trilliumtransit.com/gtfs/turlock-ca-us/turlock-ca-us.zip	Turlock Transit / Stanislaus County / California	https://files.mobilitydatabase.org/mdb-619/latest.zip
mdb-620	http://data.trilliumtransit.com/gtfs/valpotransit-chi-us/valpotransit-chi-us.zip	Valparaiso Transit / Valparaiso / Indiana	https://files.mobilitydatabase.org/mdb-620/latest.zip
mdb-621	http://data.trilliumtransit.com/gtfs/vatransit-va-us/vatransit-va-us.zip	Virginia Regional Transit / Culpeper County / Virginia	https://files.mobilitydatabase.org/mdb-621/latest.zip
mdb-624	https://ripta.com/RIPTA-GTFS.zip	Rhode Island Public Transit Authority / Bristol County / Massachusetts	https://files.mobilitydatabase.org/mdb-624/latest.zip
mdb-626	https://corporate.sunrail.com/gtfs/google_transit.zip	Florida Department of Transportation (SunRail) / Orlando / Florida	https://files.mobilitydatabase.org/mdb-626/latest.zip
mdb-629	http://data.trilliumtransit.com/gtfs/ccta-vt-us/ccta-vt-us.zip	Chittenden County Transportation Authority (CCTA) / Addison County / Vermont	https://files.mobilitydatabase.org/mdb-629/latest.zip
mdb-631	http://data.trilliumtransit.com/gtfs/advancetransit-vt-us/advancetransit-vt-us.zip	Advance Transit / Grafton County / New Hampshire	https://files.mobilitydatabase.org/mdb-631/latest.zip
mdb-645	http://data.trilliumtransit.com/gtfs/capecod-ma-us/capecod-ma-us.zip	Cape Cod Regional Transportation Authority (Cape Cod RTA) / Barnstable County / Massachusetts	
mdb-646	https://data.trilliumtransit.com/gtfs/tcrta-ca-us/tcrta-ca-us.zip	Tulare County Area Transit (TCAT) / Tulare / California	https://files.mobilitydatabase.org/mdb-646/latest.zip
mdb-800	http://oregon-gtfs.trilliumtransit.com/gtfs_data/point-or-us/point-or-us.zip	Oregon Department of Transportation / Josephine County / Oregon	https://files.mobilitydatabase.org/mdb-800/latest.zip
mdb-801	http://data.trilliumtransit.com/gtfs/prairieexpress-co-us/prairieexpress-co-us.zip	Prairie Express Transit / Sterling / Colorado	https://files.mobilitydatabase.org/mdb-801/latest.zip
mdb-804	https://s3.amazonaws.com/datatools-511ny/public/Rensselaer_County_Yankee_Trails.zip	Rensselaer County (Yankee Trails) / Bennington / Vermont	https://files.mobilitydatabase.org/mdb-804/latest.zip
mdb-805	https://data.trilliumtransit.com/gtfs/roadrunnertransit-co-us/roadrunnertransit-co-us.zip	RoadrunnerTransit / Bayfield / Colorado	https://files.mobilitydatabase.org/mdb-805/latest.zip
mdb-808	https://s3.amazonaws.com/datatools-511ny/public/RTS-Seneca.zip	Regional Transit Service Seneca (RTS Seneca) / Seneca Falls / New York	
mdb-812	https://gitlab.com/LACMTA/gtfs_lax/-/archive/master/gtfs_lax-master.zip?path=santa_clarita	Santa Clarita Transit / Santa Clarita / California	https://files.mobilitydatabase.org/mdb-812/latest.zip
mdb-813	http://mjcaction.com/MJC_GTFS_Public/syvt_google_transit.zip	Santa Ynez Valley Transit / Santa Barbara County / California	https://files.mobilitydatabase.org/mdb-813/latest.zip
mdb-816	https://data.trilliumtransit.com/gtfs/snoqualmie-wa-us/snoqualmie-wa-us.zip	Snoqualmie Valley Transportation / Snoqualmie / Washington	https://files.mobilitydatabase.org/mdb-816/latest.zip
mdb-819	http://data.trilliumtransit.com/gtfs/startransit-va-us/startransit-va-us.zip	STAR Transit / Exmore / Virginia	https://files.mobilitydatabase.org/mdb-819/latest.zip
mdb-820	http://data.trilliumtransit.com/gtfs/summitstage-co-us/summitstage-co-us.zip	Summit Stage / Summit County / Colorado	https://files.mobilitydatabase.org/mdb-820/latest.zip
mdb-822	http://data.trilliumtransit.com/gtfs/thurston-wa-us/thurston-wa-us.zip	ruralTRANSIT / Tenino / Washington	https://files.mobilitydatabase.org/mdb-822/latest.zip
mdb-823	https://s3.amazonaws.com/datatools-511ny/public/Trailways-ADP.zip	Adirondack Trailways ADP / Tillson / New York	https://files.mobilitydatabase.org/mdb-823/latest.zip
mdb-824	https://s3.amazonaws.com/datatools-511ny/public/Trailways-NYP.zip	Adirondack Trailways NYP / Syracuse / New York	https://files.mobilitydatabase.org/mdb-824/latest.zip
mdb-827	http://data.trilliumtransit.com/gtfs/tsctransit-co-us/tsctransit-co-us.zip	Teller Senior Coalition Transit (TSC Transit) / Woodland Park / Colorado	https://files.mobilitydatabase.org/mdb-827/latest.zip
mdb-828	http://data.trilliumtransit.com/gtfs/ponyexpress-va-us/ponyexpress-va-us.zip	Pony Express / Accomack County / Virginia	https://files.mobilitydatabase.org/mdb-828/latest.zip
mdb-830	http://data.trilliumtransit.com/gtfs/wausau-wi-us/wausau-wi-us.zip	Metro Ride / Marathon County / Wisconsin	https://files.mobilitydatabase.org/mdb-830/latest.zip
mdb-832	http://data.trilliumtransit.com/gtfs/radar-va-us/radar-va-us.zip	RADAR / Clifton Forge / Virginia	https://files.mobilitydatabase.org/mdb-832/latest.zip
mdb-833	https://oregon-gtfs.trilliumtransit.com/gtfs_data/wheatlandferry-or-us/wheatlandferry-or-us.zip	Wheatland Ferry / Marion County / Oregon	https://files.mobilitydatabase.org/mdb-833/latest.zip
mdb-834	https://oregon-gtfs.trilliumtransit.com/gtfs_data/buenavistaferry-or-us/buenavistaferry-or-us.zip	Buena Vista Ferry / Marion County / Oregon	https://files.mobilitydatabase.org/mdb-834/latest.zip
mdb-838	http://mjcaction.com/MJC_GTFS_Public/jefferson_google_transit.zip	Jefferson Transit Authority / Jefferson County / Washington	https://files.mobilitydatabase.org/mdb-838/latest.zip
mdb-851	https://s3.amazonaws.com/datatools-511ny/public/Steuben_County_Transit.zip	Steuben County Transit / Bath / New York	https://files.mobilitydatabase.org/mdb-851/latest.zip
mdb-852	http://data.trilliumtransit.com/gtfs/trivalleytransit-vt-us/trivalleytransit-vt-us.zip	Tri-Valley Transit / Grafton County / New Hampshire	https://files.mobilitydatabase.org/mdb-852/latest.zip
mdb-871	https://s3.amazonaws.com/datatools-511ny/public/Watertown_Citibus.zip	Watertown Citibus / Watertown / New York	https://files.mobilitydatabase.org/mdb-871/latest.zip
mdb-882	http://data.trilliumtransit.com/gtfs/altavista-va-us/altavista-va-us.zip	Altavista Community Transit System / Altavista / Virginia	https://files.mobilitydatabase.org/mdb-882/latest.zip
mdb-883	https://oregon-gtfs.trilliumtransit.com/gtfs_data/sctd-or-us/sctd-or-us.zip	South Clackamas Transportation District / Clackamas County / Oregon	https://files.mobilitydatabase.org/mdb-883/latest.zip
mdb-885	http://sched.ridetm.org/gtfs/fwtatransitdata.zip	Fort Worth Transit Authority / Tarrant County / Texas	https://files.mobilitydatabase.org/mdb-885/latest.zip
mdb-886	http://sjrtd.com/RTD-GTFS/RTD-GTFS.zip	San Joaquin Regional Transit District (RTD) / Alameda County / California	https://files.mobilitydatabase.org/mdb-886/latest.zip
mdb-897	http://data.trilliumtransit.com/gtfs/tahoe-ca-us/tahoe-ca-us.zip	Tahoe Transportation District / South Lake Tahoe / California	https://files.mobilitydatabase.org/mdb-897/latest.zip
mdb-903	http://data.trilliumtransit.com/gtfs/asheville-nc-us/asheville-nc-us.zip	Asheville Rides Transit / Asheville / North Carolina	https://files.mobilitydatabase.org/mdb-903/latest.zip
mdb-905	https://s3.amazonaws.com/datatools-511ny/public/HART_Huntington_Area_Rapid_Transit.zip	Huntington Area Rapid Transit (HART) / Huntington Station / New York	https://files.mobilitydatabase.org/mdb-905/latest.zip
mdb-910	https://s3.amazonaws.com/datatools-511ny/public/Leprechaun_Connection.zip	Leprechaun Lines / Westchester County / New York	https://files.mobilitydatabase.org/mdb-910/latest.zip
mdb-911	https://s3.amazonaws.com/datatools-511ny/public/Clarkstown_Mini_Trans.zip	Clarkstown MiniTrans / Nanuet / New York	https://files.mobilitydatabase.org/mdb-911/latest.zip
mdb-915	https://s3.amazonaws.com/datatools-511ny/public/Hudson_Link.zip	Lower Hudson Valley Transit / Rockland County / New York	https://files.mobilitydatabase.org/mdb-915/latest.zip
mdb-916	https://s3.amazonaws.com/datatools-511ny/public/City_of_Long_Beach.zip	City of Long Beach Transportation / Nassau County / New York	https://files.mobilitydatabase.org/mdb-916/latest.zip
mdb-923	https://www.cyride.net/gtf/gtfs.zip	CyRide / Story County / Iowa	https://files.mobilitydatabase.org/mdb-923/latest.zip
mdb-927	https://s3.amazonaws.com/datatools-511ny/public/Sullivan_County.zip	Sullivan County Transit / Monticello / New York	https://files.mobilitydatabase.org/mdb-927/latest.zip
mdb-928	https://s3.amazonaws.com/datatools-511ny/public/PART_Putnam_Area_Rapid_Transit.zip	PART Putnam Area Rapid Transit / Putnam County / New York	https://files.mobilitydatabase.org/mdb-928/latest.zip
mdb-931	https://oregon-gtfs.trilliumtransit.com/gtfs_data/harneycounty-or-us/harneycounty-or-us.zip	Harney County / Harney County / Oregon	https://files.mobilitydatabase.org/mdb-931/latest.zip
mdb-932	https://oregon-gtfs.trilliumtransit.com/gtfs_data/lcog-or-us/lcog-or-us.zip	Link Lane / Eugene / Oregon	https://files.mobilitydatabase.org/mdb-932/latest.zip
mdb-994	https://citycommbus.com/gtfs	Commerce Municipal Bus Lines / Bell / California	https://files.mobilitydatabase.org/mdb-994/latest.zip
mdb-1053	https://www.loudoun.gov/loudountransitgtfs	Loudoun County Transit / Loudoun County / Virginia	https://files.mobilitydatabase.org/mdb-1053/latest.zip
mdb-1060	http://sportranbus.com/gtfs	Shreveport and Bossier City / Bossier City / Louisiana	https://files.mobilitydatabase.org/mdb-1060/latest.zip
mdb-1067	https://iportal.sacrt.com/gtfs/Roseville/google_transit.zip	Roseville Transit / Roseville / California	https://files.mobilitydatabase.org/mdb-1067/latest.zip
mdb-1080	https://gtfs.sound.obaweb.org/prod/gtfs_puget_sound_consolidated.zip	Metro Transit, Intercity Transit, City of Seattle, Community Transit, Pierce Transit, Sound Transit, Washington State Ferries, SeattleCenterMonorail, Everett Transit, Seattle Children's Hospital / Arlington / Washington	https://files.mobilitydatabase.org/mdb-1080/latest.zip
mdb-1087	https://data.trilliumtransit.com/gtfs/bacacounty-co-us/bacacounty-co-us--flex-v2.zip	Baca Area Transportation / Baca County / Colorado	https://files.mobilitydatabase.org/mdb-1087/latest.zip
mdb-1110	https://www.wavetransit.com/gtransit/google_transit.zip	Wave Transit / Wilmington / North Carolina	https://files.mobilitydatabase.org/mdb-1110/latest.zip
mdb-1121	http://www.knoxvilletn.gov/UserFiles/Servers/Server_109478/File/KAT/gtfs-kat.zip	Knoxville Area Transit (KAT) / Knoxville / Tennessee	https://files.mobilitydatabase.org/mdb-1121/latest.zip
mdb-1126	http://feed.gobrightline.com/bl_gtfs.zip	Brightline Trains LLC / Fort Lauderdale / Florida	https://files.mobilitydatabase.org/mdb-1126/latest.zip
mdb-1141	https://data.trilliumtransit.com/gtfs/dolorescounty-co-us/dolorescounty-co-us--flex-v2.zip	Dolores County / Dolores County / Colorado	https://files.mobilitydatabase.org/mdb-1141/latest.zip
mdb-1143	https://buswhere.com/iridetrolley/gtfs/schedule	I-RIDE Trolley (I-RIDE) / Orange County / Florida	https://files.mobilitydatabase.org/mdb-1143/latest.zip
mdb-1156	http://omniride.com/omniride/assets/File/google_transit.zip	Potomac and Rappahannock Transportation Commission (PRTC) Omniride / Prince William County / Virginia	https://files.mobilitydatabase.org/mdb-1156/latest.zip
mdb-1189	http://www.bt4uclassic.org/gtfs/google_transit.zip	Blacksburg Transit / Montgomery County / Virginia	https://files.mobilitydatabase.org/mdb-1189/latest.zip
mdb-1195	https://data.trilliumtransit.com/gtfs/broomfield-co-us/broomfield-co-us--flex-v2.zip	Easy Ride Transportation / City and County of Broomfield / Colorado	https://files.mobilitydatabase.org/mdb-1195/latest.zip
mdb-1198	https://drive.google.com/uc?export=download&id=1869EVa1z6m_iD6QmvRXyTHtYiaSUBROl	Long Beach Transit (LBT) / Los Angeles County / California	https://files.mobilitydatabase.org/mdb-1198/latest.zip
mdb-1210	https://ladotbus.com/gtfs	Los Angeles Department of Transportation (LADOT, DASH, Commuter Express) / Los Angeles County / California	https://files.mobilitydatabase.org/mdb-1210/latest.zip
mdb-1232	https://data.trilliumtransit.com/gtfs/pueblo-co-us/pueblo-co-us--flex-v2.zip	Pueblo Transit / Pueblo County / Colorado	https://files.mobilitydatabase.org/mdb-1232/latest.zip
mdb-1235	http://dartfirststate.com/RiderInfo/Routes/gtfs_data/dartfirststate_de_us.zip	Delaware Transit Corporation (DART First State) / New Castle County / Delaware	https://files.mobilitydatabase.org/mdb-1235/latest.zip
mdb-1240	https://gtfs.remix.com/act_los_alamos_nm_us.zip	Atomic City Transit / Los Alamos County / New Mexico	https://files.mobilitydatabase.org/mdb-1240/latest.zip
mdb-1246	http://sbmtd.gov/google_transit/feed.zip	Santa Barbara Metropolitan Transit District (MTD) / Goleta / California	https://files.mobilitydatabase.org/mdb-1246/latest.zip
mdb-1254	https://oregon-gtfs.trilliumtransit.com/gtfs_data/astoria-or-us/astoria-or-us.zip	Astoria Riverfront Trolley / Astoria / Oregon	https://files.mobilitydatabase.org/mdb-1254/latest.zip
mdb-1288	https://data.trilliumtransit.com/gtfs/vinetransit-ca-us/vinetransit-ca-us.zip	VINE Transit / American Canyon / California	https://files.mobilitydatabase.org/mdb-1288/latest.zip
mdb-1304	http://pride.kitsaptransit.com/gtfs/google_transit.zip	Kitsap Transit / Bainbridge Island / Washington	https://files.mobilitydatabase.org/mdb-1304/latest.zip
mdb-1327	https://oregon-gtfs.trilliumtransit.com/gtfs_data/quailtrail-or-us/quailtrail-or-us.zip	Quail Trail Public Transit / Klamath County / Oregon	https://files.mobilitydatabase.org/mdb-1327/latest.zip
mdb-1330	https://gtfs.sound.obaweb.org/prod/1_gtfs.zip	King County Metro / Bellevue / Washington	https://files.mobilitydatabase.org/mdb-1330/latest.zip
mdb-1331	https://gtfs.sound.obaweb.org/prod/95_gtfs.zip	Washington State Ferries / Anacortes / Washington	https://files.mobilitydatabase.org/mdb-1331/latest.zip
mdb-1784	https://passio3.com/towson/passioTransit/gtfs/google_transit.zip	Towson Loop / Baltimore County / Maryland	https://files.mobilitydatabase.org/mdb-1784/latest.zip
mdb-1826	https://data.trilliumtransit.com/gtfs/bettendorf-ia-us/bettendorf-ia-us.zip	Bettendorf Transit / Bettendorf / Iowa	https://files.mobilitydatabase.org/mdb-1826/latest.zip
mdb-1905	https://www.nps.gov/external-resources/gtfs/grca/south-rim-shuttle-service.zip	Grand Canyon National Park / Coconino County / Arizona	https://files.mobilitydatabase.org/mdb-1905/latest.zip
mdb-1958	https://data.trilliumtransit.com/gtfs/dartmouth-vt-us/dartmouth-vt-us.zip	Dartmouth College / Grafton County / New Hampshire	https://files.mobilitydatabase.org/mdb-1958/latest.zip
mdb-1971	https://mylinktransit.org/gtfs	Link Transit / Alamance County / North Carolina	https://files.mobilitydatabase.org/mdb-1971/latest.zip
mdb-1979	http://mountainline.syncromatics.com/gtfs	Mountain Line Transit / Coconino County / Arizona	https://files.mobilitydatabase.org/mdb-1979/latest.zip
mdb-1999	https://redondobeachbct.com/gtfs	Beach Cities Transit / Los Angeles County / California	https://files.mobilitydatabase.org/mdb-1999/latest.zip
mdb-2000	https://busfinder.redrosetransit.com/Infopoint/gtfs-zip.ashx	Red Rose Transit Authority (RRTA) / Elizabethtown / Pennsylvania	https://files.mobilitydatabase.org/mdb-2000/latest.zip
mdb-2001	https://rapid.nationalrtap.org/GTFSFileManagement/UserUploadFiles/11346/gtfs.zip	Stark Area Regional Transit Authority (SARTA) / Stark County / Ohio	https://files.mobilitydatabase.org/mdb-2001/latest.zip
mdb-2037	https://data.trilliumtransit.com/gtfs/browncounty-mn-us/browncounty-mn-us--flex-v2.zip	Brown County Heartland Express / New Ulm / Minnesota	https://files.mobilitydatabase.org/mdb-2037/latest.zip
mdb-2038	https://data.trilliumtransit.com/gtfs/otterexpress-mn-us/otterexpress-mn-us--flex-v2.zip	The Otter Express / Barnesville / Minnesota	https://files.mobilitydatabase.org/mdb-2038/latest.zip
mdb-2039	https://data.trilliumtransit.com/gtfs/allpointstransit-co-us/allpointstransit-co-us--flex-v2.zip	All Points Transit / Montrose / Colorado	https://files.mobilitydatabase.org/mdb-2039/latest.zip
mdb-2041	https://data.trilliumtransit.com/gtfs/blackhawktramway-co-us/blackhawktramway-co-us--flex-v2.zip	Blackhawk and Central City Tramway / Black Hawk / Colorado	https://files.mobilitydatabase.org/mdb-2041/latest.zip
mdb-2042	https://data.trilliumtransit.com/gtfs/cripplecreek-co-us/cripplecreek-co-us--flex-v2.zip	Cripple Creek Transportation / Cripple Creek / Colorado	https://files.mobilitydatabase.org/mdb-2042/latest.zip
mdb-2043	https://data.trilliumtransit.com/gtfs/discovergoodwill-co-us/discovergoodwill-co-us--flex-v2.zip	Discover Goodwill / El Paso County / Colorado	https://files.mobilitydatabase.org/mdb-2043/latest.zip
mdb-2044	https://data.trilliumtransit.com/gtfs/dsi-co-us/dsi-co-us--flex-v2.zip	Envida / El Paso County / Colorado	https://files.mobilitydatabase.org/mdb-2044/latest.zip
mdb-2045	https://data.trilliumtransit.com/gtfs/ecotransit-co-us/ecotransit-co-us--flex-v2.zip	ECO Transit / Gypsum / Colorado	https://files.mobilitydatabase.org/mdb-2045/latest.zip
mdb-2046	https://data.trilliumtransit.com/gtfs/elpaso-co-us/elpaso-co-us--flex-v2.zip	El Paso Fountain Valley Senior Citizens Program Inc / El Paso County / Colorado	https://files.mobilitydatabase.org/mdb-2046/latest.zip
mdb-2048	https://data.trilliumtransit.com/gtfs/gunnisonvalleyrta-co-us/gunnisonvalleyrta-co-us--flex-v2.zip	Gunnison Valley RTA / Gunnison / Colorado	https://files.mobilitydatabase.org/mdb-2048/latest.zip
mdb-2049	https://data.trilliumtransit.com/gtfs/prowerscounty-co-us/prowerscounty-co-us--flex-v2.zip	Prowers Area Transit / Prowers County / Colorado	https://files.mobilitydatabase.org/mdb-2049/latest.zip
mdb-2050	https://data.trilliumtransit.com/gtfs/sanmiguelcounty-co-us/sanmiguelcounty-co-us--flex-v2.zip	Town of Telluride / Telluride / Colorado	https://files.mobilitydatabase.org/mdb-2050/latest.zip
mdb-2052	https://data.trilliumtransit.com/gtfs/tsctransit-co-us/tsctransit-co-us--flex-v2.zip	TSC Transit / Woodland Park / Colorado	
mdb-2054	https://www.rtd-denver.com/files/gtfs/google_transit_flex.zip	Regional Transportation District / Denver County / Colorado	https://files.mobilitydatabase.org/mdb-2054/latest.zip
mdb-2060	https://metro.resourcespace.com/pages/download.php?ref=4835&ext=zip	METRO Houston / Harris County / Texas	https://files.mobilitydatabase.org/mdb-2060/latest.zip
mdb-2062	https://mna.mecatran.com/utw/ws/gtfsfeed/static/okc?apiKey=6a3b186a334d1e3e064f42782f6002520e60394c	Embark / Bethany / Oklahoma	https://files.mobilitydatabase.org/mdb-2062/latest.zip
mdb-2064	https://busfinder.bartabus.com/InfoPoint/gtfs-zip.ashx	Berks Area Regional Transportation Authority (BARTA) / Berks County / Pennsylvania	https://files.mobilitydatabase.org/mdb-2064/latest.zip
mdb-2065	https://cats.rideralerts.com/InfoPoint/gtfs-zip.ashx	Capital Area Transit System (CATS) / Baker / Louisiana	https://files.mobilitydatabase.org/mdb-2065/latest.zip
mdb-2066	https://s3.amazonaws.com/etatransit.gtfs/bloomingtontransit.etaspot.net/gtfs.zip	Bloomington Transit / Bloomington / Indiana	https://files.mobilitydatabase.org/mdb-2066/latest.zip
mdb-2067	https://mystop.lextran.com/InfoPoint/gtfs-zip.ashx	Lextran / Fayette County / Kentucky	https://files.mobilitydatabase.org/mdb-2067/latest.zip
mdb-2068	https://tank.rideralerts.com/InfoPoint/GTFS-Zip.ashx	Transit Authority of Northern Kentucky (TANK) / Kenton County / Kentucky	https://files.mobilitydatabase.org/mdb-2068/latest.zip
mdb-2069	https://ridemyvalleytransit.com/gtfs	Valley Transit (WI) / Outagamie County / Wisconsin	https://files.mobilitydatabase.org/mdb-2069/latest.zip
mdb-2071	https://www.yourmetrobus.org/Data/Sites/2/gtfs-data/metro_rta_gtfs.zip	Akron Metro Regional Transit Authority (METRO) / Akron / Ohio	https://files.mobilitydatabase.org/mdb-2071/latest.zip
mdb-2072	https://webapps.fo.umich.edu/transit_uploads/google_transit.zip	University of Michigan Transit Services / Washtenaw County / Michigan	https://files.mobilitydatabase.org/mdb-2072/latest.zip
mdb-2074	https://goraleigh.org/gr_gtfs	Capital Area Transit (GoRaleigh) / Wake County / North Carolina	https://files.mobilitydatabase.org/mdb-2074/latest.zip
mdb-2075	https://passio3.com/roadrunner/passioTransit/gtfs/google_transit.zip	RoadRUNNER Transit / Doña Ana County / New Mexico	https://files.mobilitydatabase.org/mdb-2075/latest.zip
mdb-2076	https://data.trilliumtransit.com/gtfs/greeleyevans-co-us/greeleyevans-co-us.zip	Greeley-Evans Transit (GET) / Weld County / Colorado	https://files.mobilitydatabase.org/mdb-2076/latest.zip
mdb-2079	https://www.gobroomecounty.com/sites/default/files/dept/transit/BCT_GTFS.zip	Broome County Transit (B.C. Transit) / Binghamton / New York	https://files.mobilitydatabase.org/mdb-2079/latest.zip
mdb-2081	https://maps.huntsvilleal.gov/googletransit/google_transit.zip	Huntsville Shuttle / Madison County / Alabama	https://files.mobilitydatabase.org/mdb-2081/latest.zip
mdb-2083	https://myride.cityofdubuque.org/gtfs/google_transit.zip	The Jule / Dubuque County / Iowa	https://files.mobilitydatabase.org/mdb-2083/latest.zip
mdb-2122	https://myride.bft.org/Static/google_transit.zip	Ben Franklin Transit / Benton City / Washington	https://files.mobilitydatabase.org/mdb-2122/latest.zip
mdb-2149	https://rideburbankbus.com/gtfs	BurbankBus / Los Angeles County / California	https://files.mobilitydatabase.org/mdb-2149/latest.zip
mdb-2156	https://data.trilliumtransit.com/gtfs/adamscounty-co-us/adamscounty-co-us--flex-v2.zip	Adams County / Adams County / Colorado	https://files.mobilitydatabase.org/mdb-2156/latest.zip
mdb-2157	https://data.trilliumtransit.com/gtfs/bentcounty-co-us/bentcounty-co-us--flex-v2.zip	Bent County Transportation / La Junta / Colorado	https://files.mobilitydatabase.org/mdb-2157/latest.zip
mdb-2161	https://data.trilliumtransit.com/gtfs/cityofloveland-co-us/cityofloveland-co-us--flex-v2.zip	City of Loveland / Larimer County / Colorado	https://files.mobilitydatabase.org/mdb-2161/latest.zip
mdb-2164	https://data.trilliumtransit.com/gtfs/concordareatransit-nh-us/concordareatransit-nh-us--flex-v2.zip	Concord Area Transit / Merrimack County / New Hampshire	
mdb-2169	https://data.trilliumtransit.com/gtfs/kiowacounty-co-us/kiowacounty-co-us--flex-v2.zip	Kiowa County Transit / Denver / Colorado	https://files.mobilitydatabase.org/mdb-2169/latest.zip
mdb-2170	https://data.trilliumtransit.com/gtfs/lajunta-co-us/lajunta-co-us--flex-v2.zip	La Junta Transit / La Junta / Colorado	https://files.mobilitydatabase.org/mdb-2170/latest.zip
mdb-2171	https://data.trilliumtransit.com/gtfs/lakewoodrides-co-us/lakewoodrides-co-us--flex-v2.zip	Lakewood Rides / Jefferson County / Colorado	https://files.mobilitydatabase.org/mdb-2171/latest.zip
mdb-2172	https://data.trilliumtransit.com/gtfs/manteca-ca-us/manteca-ca-us--flex-v2.zip	Manteca Transit / Manteca / California	https://files.mobilitydatabase.org/mdb-2172/latest.zip
mdb-2173	https://data.trilliumtransit.com/gtfs/mountainfamilycenter-co-us/mountainfamilycenter-co-us--flex-v2.zip	Mountain Family Center / Grand County / Colorado	https://files.mobilitydatabase.org/mdb-2173/latest.zip
mdb-2174	https://data.trilliumtransit.com/gtfs/movestanislaus-ca-us/movestanislaus-ca-us--flex-v2.zip	MOVE Stanislaus / Alameda County / California	https://files.mobilitydatabase.org/mdb-2174/latest.zip
mdb-2175	https://data.trilliumtransit.com/gtfs/omnibus-co-us/omnibus-co-us--flex-v2.zip	Omnibus / Arapahoe County / Colorado	https://files.mobilitydatabase.org/mdb-2175/latest.zip
mdb-2178	https://data.trilliumtransit.com/gtfs/rccoa-co-us/rccoa-co-us--flex-v2.zip	Routt County Council on Aging (RCCOCA) Transportation / Routt County / Colorado	https://files.mobilitydatabase.org/mdb-2178/latest.zip
mdb-2179	https://data.trilliumtransit.com/gtfs/rfta-co-us/rfta-co-us--flex-v2.zip	Roaring Fork Transportation Authority (RFTA) / Aspen / Colorado	https://files.mobilitydatabase.org/mdb-2179/latest.zip
mdb-2180	https://data.trilliumtransit.com/gtfs/sanjoaquin-ca-us/sanjoaquin-ca-us--flex-v2.zip	San Joaquin Regional Transit District / San Joaquin County / California	https://files.mobilitydatabase.org/mdb-2180/latest.zip
mdb-2181	https://data.trilliumtransit.com/gtfs/sccog-co-us/sccog-co-us--flex-v2.zip	South Central Council of Governments (SCCOG) / Trinidad / Colorado	https://files.mobilitydatabase.org/mdb-2181/latest.zip
mdb-2182	https://data.trilliumtransit.com/gtfs/silverkey-co-us/silverkey-co-us--flex-v2.zip	Silver Key Senior Services / Colorado Springs / Colorado	https://files.mobilitydatabase.org/mdb-2182/latest.zip
mdb-2184	https://data.trilliumtransit.com/gtfs/southwestrides-co-us/southwestrides-co-us--flex-v2.zip	Southwest Rides / La Plata County / Colorado	https://files.mobilitydatabase.org/mdb-2184/latest.zip
mdb-2185	https://data.trilliumtransit.com/gtfs/srda-co-us/srda-co-us--flex-v2.zip	Senior Resource Development Agency / Pueblo County / Colorado	https://files.mobilitydatabase.org/mdb-2185/latest.zip
mdb-2186	https://data.trilliumtransit.com/gtfs/stanrta-ca-us/stanrta-ca-us--flex-v2.zip	Stanislaus Regional Transit Authority / San Francisco / California	
mdb-2187	https://data.trilliumtransit.com/gtfs/tracy-ca-us/tracy-ca-us--flex-v2.zip	City of Tracy / California	https://files.mobilitydatabase.org/mdb-2187/latest.zip
mdb-2188	https://data.trilliumtransit.com/gtfs/uaacog-co-us/uaacog-co-us--flex-v2.zip	Upper Arkansas Area Council of Governments / Custer County / Colorado	https://files.mobilitydatabase.org/mdb-2188/latest.zip
mdb-2189	https://oregon-gtfs.trilliumtransit.com/gtfs_data/ctuir-or-us/ctuir-or-us.zip	City of Milton-Freewater Public Transportation / Umatilla County / Oregon	https://files.mobilitydatabase.org/mdb-2189/latest.zip
mdb-2190	https://data.trilliumtransit.com/gtfs/paloverde-valley-ca-us/paloverde-valley-ca-us.zip	Palo Verde Valley Transit Agency / Blythe / California	https://files.mobilitydatabase.org/mdb-2190/latest.zip
mdb-2193	https://data.trilliumtransit.com/gtfs/wahkiakumferry-wa-us/wahkiakumferry-wa-us.zip	Wahkiakum Ferry / Clatsop County / Oregon	https://files.mobilitydatabase.org/mdb-2193/latest.zip
mdb-2194	https://data.trilliumtransit.com/gtfs/sevt-vt-us/sevt-vt-us.zip	Rockingham MOOver / Windham County / Vermont	https://files.mobilitydatabase.org/mdb-2194/latest.zip
mdb-2195	https://data.trilliumtransit.com/gtfs/sanmiguelcounty-co-us/sanmiguelcounty-co-us.zip	San Miguel County / Telluride / Colorado	https://files.mobilitydatabase.org/mdb-2195/latest.zip
mdb-2196	https://data.trilliumtransit.com/gtfs/makah-wa-us/makah-wa-us.zip	Makah Public Transit / Neah Bay / Washington	https://files.mobilitydatabase.org/mdb-2196/latest.zip
mdb-2197	https://data.trilliumtransit.com/gtfs/squaxinisland-wa-us/squaxinisland-wa-us.zip	Squaxin Island Transit / Elma / Washington	https://files.mobilitydatabase.org/mdb-2197/latest.zip
mdb-2198	https://data.trilliumtransit.com/gtfs/pulaski-va-us/pulaski-va-us.zip	Pulaski Area Transit (PAT) / Pulaski County / Virginia	https://files.mobilitydatabase.org/mdb-2198/latest.zip
mdb-2199	https://data.trilliumtransit.com/gtfs/cityofgrandforks-nd-us/cityofgrandforks-nd-us.zip	Cities Area Transit / Grand Forks / North Dakota	https://files.mobilitydatabase.org/mdb-2199/latest.zip
mdb-2201	https://mbl.rideralerts.com/infopoint/gtfs-zip.ashx	Montebello Bus Lines / La Mirada / California	https://files.mobilitydatabase.org/mdb-2201/latest.zip
mdb-2202	https://passio3.com/montereyp/passioTransit/gtfs/google_transit.zip	Spirit Bus / Alhambra / California	https://files.mobilitydatabase.org/mdb-2202/latest.zip
mdb-2204	http://kart.connexionz.net/rtt/public/utility/gtfs.aspx	Kings Area Rural Transit / Fresno County / California	https://files.mobilitydatabase.org/mdb-2204/latest.zip
mdb-2205	http://www.corvallistransit.com/rtt/public/resource/gtfs_PC.zip	Philomath Connection / Benton County / Oregon	https://files.mobilitydatabase.org/mdb-2205/latest.zip
mdb-2208	https://clk.rideralerts.com/InfoPoint/gtfs-zip.ashx	Greater Peoria Mass Transit (CityLink) / Bartonville / Illinois	https://files.mobilitydatabase.org/mdb-2208/latest.zip
mdb-2209	https://comet.mapstrat.com/current/google_transit.zip	The Comet / Richland County / South Carolina	https://files.mobilitydatabase.org/mdb-2209/latest.zip
mdb-2216	https://rapid.nationalrtap.org/GTFSFileManagement/UserUploadFiles/11830/T.zip	Froggy Transportation / Romulus / Michigan	https://files.mobilitydatabase.org/mdb-2216/latest.zip
mdb-2224	https://emerygoround.com/data/emerygoround-ca-us.zip	Emery Go-Round / Alameda County / California	https://files.mobilitydatabase.org/mdb-2224/latest.zip
mdb-2232	https://data.trilliumtransit.com/gtfs/pueblo-co-us/pueblo-co-us.zip	Pueblo Transit / Pueblo County / Colorado	https://files.mobilitydatabase.org/mdb-2232/latest.zip
mdb-2234	https://gtfs.calitp.org/production/CamarilloGTFS.zip	Camarillo Area Transit / Camarillo / California	https://files.mobilitydatabase.org/mdb-2234/latest.zip
mdb-2235	https://gtfs.calitp.org/production/SanJuanCapistranoGTFS.zip	San Juan Capistrano Free Weekend Trolley / San Juan Capistrano / California	https://files.mobilitydatabase.org/mdb-2235/latest.zip
mdb-2236	https://gtfs.calitp.org/production/TaftGTFS.zip	Taft Area Transit / Taft / California	https://files.mobilitydatabase.org/mdb-2236/latest.zip
mdb-2238	https://gtfs.calitp.org/production/WestBerkeleyShuttleGTFS.zip	West Berkeley Shuttle / Berkeley / California	https://files.mobilitydatabase.org/mdb-2238/latest.zip
mdb-2240	https://gtfs.remix.com/seat_preston_ct_us.zip	Southeast Area Transit District / New London County / Connecticut	https://files.mobilitydatabase.org/mdb-2240/latest.zip
mdb-2241	https://realtimegwinnett.availtec.com/InfoPoint/gtfs-zip.ashx	Gwinnett County Transit / DeKalb County / Georgia	https://files.mobilitydatabase.org/mdb-2241/latest.zip
mdb-2242	https://mystop.norwalktransit.com/InfoPoint/gtfs-zip.ashx	Norwalk Transit System (NTS) / Bridgeport / Connecticut	https://files.mobilitydatabase.org/mdb-2242/latest.zip
mdb-2243	https://passio3.com/ArcadiaCity/passioTransit/gtfs/google_transit.zip	Arcadia Transit / Los Angeles County / California	https://files.mobilitydatabase.org/mdb-2243/latest.zip
mdb-2244	https://passio3.com/concordKat/passioTransit/gtfs/google_transit.zip	Concord Kannapolis Area Transit (Rider Transit) / Cabarrus County / North Carolina	https://files.mobilitydatabase.org/mdb-2244/latest.zip
mdb-2245	https://passio3.com/ncstateuni/passioTransit/gtfs/google_transit.zip	North Carolina State University (NCSU) / Wake County / North Carolina	https://files.mobilitydatabase.org/mdb-2245/latest.zip
mdb-2246	https://racine.connexionz.net/rtt/public/utility/gtfs.aspx	Ryde Racine / Racine / Wisconsin	https://files.mobilitydatabase.org/mdb-2246/latest.zip
mdb-2247	https://baldwinpark.tectransit.com/api/public/fixedRoute/gtfs	Baldwin Park Transit / Irwindale / California	https://files.mobilitydatabase.org/mdb-2247/latest.zip
mdb-2254	https://batabustracker.com/gtfs	Bay Area Transportation Authority / Grand Traverse County / Michigan	https://files.mobilitydatabase.org/mdb-2254/latest.zip
mdb-2255	https://www.ridelakexpress.com/gtfs/gtfs.zip	Lake County Connection / Leesburg / Florida	https://files.mobilitydatabase.org/mdb-2255/latest.zip
mdb-2256	https://passio3.com/parta/passioTransit/gtfs/google_transit.zip	Portage Area Regional Transportation Authority (PARTA) / Portage County / Ohio	https://files.mobilitydatabase.org/mdb-2256/latest.zip
mdb-2258	https://realtimemcat.availtec.com/InfoPoint/GTFS-Zip.ashx	Manatee County Area Transit / Bradenton / Florida	https://files.mobilitydatabase.org/mdb-2258/latest.zip
mdb-2259	https://cat.cadavl.com:4431/CAT/GTFS/GTFS_CAT.zip	Collier Area Transit (CAT) / Collier County / Florida	https://files.mobilitydatabase.org/mdb-2259/latest.zip
mdb-2261	https://www.ometro.com/wp-content/uploads/GTFSRT/google_transit.zip	Omaha Metro / Douglas County / Nebraska	https://files.mobilitydatabase.org/mdb-2261/latest.zip
mdb-2262	https://bcta.rideralerts.com/InfoPoint/gtfs-zip.ashx	Beaver County Transit Authority / Beaver County / Pennsylvania	https://files.mobilitydatabase.org/mdb-2262/latest.zip
mdb-2265	https://gtfsrealtime.ridetransit.org/GTFSStatic/GTFS.zip	Charlotte Area Transit System (CATS) / Cabarrus County / North Carolina	https://files.mobilitydatabase.org/mdb-2265/latest.zip
mdb-2266	https://gtfs.remix.com/citilink_fortwayne_in_us.zip	Citilink / Allen County / Indiana	https://files.mobilitydatabase.org/mdb-2266/latest.zip
mdb-2267	https://rideconnecttransit.com/gtfs	Connect Transit / Bloomington / Illinois	https://files.mobilitydatabase.org/mdb-2267/latest.zip
mdb-2268	https://stmgis.stmarysmd.com/Downloads/GTFS/StMarys_GTFS_5_31_22.zip	Saint Maryʼs Transit System / Leonardtown / Maryland	https://files.mobilitydatabase.org/mdb-2268/latest.zip
mdb-2269	https://startran.connexionz.net/rtt/public/resource/gtfs.zip	StarTran / Lancaster County / Nebraska	https://files.mobilitydatabase.org/mdb-2269/latest.zip
mdb-2270	https://ridegtrans.com/gtfs.zip	GTrans / Los Angeles County / California	https://files.mobilitydatabase.org/mdb-2270/latest.zip
mdb-2272	https://smrt.tripshot.com/v1/gtfs.zip?regionId=CA558DDC-D7F2-4B48-9CAC-DEEA1134F820	Santa Maria Area Transit / Santa Barbara County / California	https://files.mobilitydatabase.org/mdb-2272/latest.zip
mdb-2273	https://stanrta.rideralerts.com/InfoPoint/gtfs-zip.ashx	Stanislaus Regional Transit (StaRT) / Alameda County / California	https://files.mobilitydatabase.org/mdb-2273/latest.zip
mdb-2274	https://vmgoapp.com/gtfs	Valley Metro / Roanoke / Virginia	https://files.mobilitydatabase.org/mdb-2274/latest.zip
mdb-2275	https://www.auburn.ca.gov/DocumentCenter/View/3431	Auburn Transit / Auburn / California	https://files.mobilitydatabase.org/mdb-2275/latest.zip
mdb-2277	https://www.gocary.org/_GTFS	GoCary / Apex / North Carolina	https://files.mobilitydatabase.org/mdb-2277/latest.zip
mdb-2278	https://www.rfta.com/RFTAGTFSExport.zip	Roaring Fork Transportation Authority / Aspen / Colorado	https://files.mobilitydatabase.org/mdb-2278/latest.zip
mdb-2280	https://www.rtd-denver.com/files/gtfs/bustang-co-us.zip	Regional Transportation District (RTD) / Boulder County / Colorado	https://files.mobilitydatabase.org/mdb-2280/latest.zip
mdb-2281	https://hosted-gtfs-feeds.s3.amazonaws.com/DPM/gtfs.zip	Detroit People Mover / Detroit / Michigan	https://files.mobilitydatabase.org/mdb-2281/latest.zip
mdb-2282	https://apps.itd.idaho.gov/apps/pt/mrtagtfs.zip	Mountain Rides Transportation Authority (MRTA) / Ketchum / Idaho	https://files.mobilitydatabase.org/mdb-2282/latest.zip
mdb-2283	http://www.corvallistransit.com/rtt/public/resource/gtfs.zip	City of Corvallis / Benton County / Oregon	https://files.mobilitydatabase.org/mdb-2283/latest.zip
mdb-2285	https://www.arcgis.com/sharing/rest/content/items/c307923d57ab4871aff79491b4a1bfd3/data	Annapolis Transit / Annapolis / Maryland	https://files.mobilitydatabase.org/mdb-2285/latest.zip
mdb-2286	https://rapid.nationalrtap.org/GTFSFileManagement/UserUploadFiles/11756/WCT_MD_GTFS.zip	Washington County Transit / Hagerstown / Maryland	https://files.mobilitydatabase.org/mdb-2286/latest.zip
mdb-2287	https://rapid.nationalrtap.org/GTFSFileManagement/UserUploadFiles/5191/google_transit.zip	Mass Transportation Authority Flint / Flint / Michigan	https://files.mobilitydatabase.org/mdb-2287/latest.zip
mdb-2288	https://data.trilliumtransit.com/gtfs/grandvalleytransit-co-us/grandvalleytransit-co-us--flex-v2.zip	Grand Valley Transit / Mesa County / Colorado	https://files.mobilitydatabase.org/mdb-2288/latest.zip
mdb-2290	https://data.trilliumtransit.com/gtfs/durangotransit-co-us/durangotransit-co-us--flex-v2.zip	Durango Transit / La Plata County / Colorado	https://files.mobilitydatabase.org/mdb-2290/latest.zip
mdb-2291	https://data.trilliumtransit.com/gtfs/lakecounty-co-us/lakecounty-co-us--flex-v2.zip	Lake County Senior Center Transportation Program / Lake County / Colorado	https://files.mobilitydatabase.org/mdb-2291/latest.zip
mdb-2292	https://data.trilliumtransit.com/gtfs/coloradosprings-co-us/coloradosprings-co-us--flex-v2.zip	Mountain Metro Transit / Colorado Springs / Colorado	https://files.mobilitydatabase.org/mdb-2292/latest.zip
mdb-2293	https://data.trilliumtransit.com/gtfs/transfort-co-us/transfort-co-us--flex-v2.zip	Transfort / Fort Collins / Colorado	https://files.mobilitydatabase.org/mdb-2293/latest.zip
mdb-2294	https://data.trilliumtransit.com/gtfs/mountainexpress-co-us/mountainexpress-co-us--flex-v2.zip	Mountain Express / Archuleta County / Colorado	https://files.mobilitydatabase.org/mdb-2294/latest.zip
mdb-2295	https://data.trilliumtransit.com/gtfs/sanjoaquins-ca-us/sanjoaquins-ca-us.zip	Amtrak San Joaquins / Sacramento / California	https://files.mobilitydatabase.org/mdb-2295/latest.zip
mdb-2296	https://data.trilliumtransit.com/gtfs/browncounty-mn-us/browncounty-mn-us.zip	Brown County Heartland Express / New Ulm / Minnesota	https://files.mobilitydatabase.org/mdb-2296/latest.zip
mdb-2297	https://data.trilliumtransit.com/gtfs/amtrakvermonter-vt-us/amtrakvermonter-vt-us.zip	Amtrak Vermonter / Burlington / Vermont	https://files.mobilitydatabase.org/mdb-2297/latest.zip
mdb-2298	https://data.trilliumtransit.com/gtfs/asotincounty-wa-us/asotincounty-wa-us.zip	Lewiston Transit System and Asotin County Public Transportation Benefit Area (PTBA) / Lewiston / Idaho	https://files.mobilitydatabase.org/mdb-2298/latest.zip
mdb-2299	https://data.trilliumtransit.com/gtfs/blueapplebus-ma-us/blueapplebus-ma-us.zip	Blue Apple Bus Company / Suffolk County / Massachusetts	https://files.mobilitydatabase.org/mdb-2299/latest.zip
mdb-2301	https://data.trilliumtransit.com/gtfs/cctbus-mn-us/cctbus-mn-us.zip	Central Community Transit / Willmar / Minnesota	https://files.mobilitydatabase.org/mdb-2301/latest.zip
mdb-2302	https://data.trilliumtransit.com/gtfs/ccttransit-wa-us/ccttransit-wa-us.zip	Colville Confederated Tribes Transit / Inchelium / Washington	https://files.mobilitydatabase.org/mdb-2302/latest.zip
mdb-2303	https://data.trilliumtransit.com/gtfs/johnsoncounty-ks-us/johnsoncounty-ks-us.zip	Johnson County Transit / Johnson County / Kansas	https://files.mobilitydatabase.org/mdb-2303/latest.zip
mdb-2306	https://data.trilliumtransit.com/gtfs/eccog-co-us/eccog-co-us--flex-v2.zip	Outback Express / Kit Carson County / Colorado	https://files.mobilitydatabase.org/mdb-2306/latest.zip
mdb-2307	https://data.trilliumtransit.com/gtfs/elwhatransit-wa-us/elwhatransit-wa-us.zip	Elwha Transit / Clallam County / Washington	https://files.mobilitydatabase.org/mdb-2307/latest.zip
mdb-2309	https://data.trilliumtransit.com/gtfs/granttransit-wa-us/granttransit-wa-us.zip	Grant Transit Authority / Grant County / Washington	https://files.mobilitydatabase.org/mdb-2309/latest.zip
mdb-2310	https://data.trilliumtransit.com/gtfs/guemesislandferry-wa-us/guemesislandferry-wa-us.zip	Guemes Island Ferry / Skagit County / Washington	https://files.mobilitydatabase.org/mdb-2310/latest.zip
mdb-2312	https://data.trilliumtransit.com/gtfs/hudsonlink-ny-us/hudsonlink-ny-us.zip	Hudson Link / Rockland County / New York	https://files.mobilitydatabase.org/mdb-2312/latest.zip
mdb-2313	https://data.trilliumtransit.com/gtfs/jackson-tn-us/jackson-tn-us.zip	Jackson Transit Authority / Jackson / Tennessee	https://files.mobilitydatabase.org/mdb-2313/latest.zip
mdb-2318	https://data.trilliumtransit.com/gtfs/lakechelan-wa-us/lakechelan-wa-us.zip	Lady of the Lake / Chelan County / Washington	https://files.mobilitydatabase.org/mdb-2318/latest.zip
mdb-2319	https://data.trilliumtransit.com/gtfs/lummiislandferry-wa-us/lummiislandferry-wa-us.zip	Lummi Island Ferry / Whatcom County / Washington	https://files.mobilitydatabase.org/mdb-2319/latest.zip
mdb-2320	https://data.trilliumtransit.com/gtfs/lummitransit-wa-us/lummitransit-wa-us.zip	Lummi Transit / Ferndale / Washington	
mdb-2321	https://data.trilliumtransit.com/gtfs/megabus-us/megabus-us.zip	Megabus / Bergen County / New Jersey	https://files.mobilitydatabase.org/mdb-2321/latest.zip
mdb-2322	https://data.trilliumtransit.com/gtfs/miamibeach-fl-us/miamibeach-fl-us.zip	City of Miami Beach / Miami-Dade County / Florida	https://files.mobilitydatabase.org/mdb-2322/latest.zip
mdb-2323	https://data.trilliumtransit.com/gtfs/miamigardens-fl-us/miamigardens-fl-us.zip	City of Miami Gardens / Miami Gardens / Florida	https://files.mobilitydatabase.org/mdb-2323/latest.zip
mdb-2325	https://data.trilliumtransit.com/gtfs/moccasinexpress-wa-us/moccasinexpress-wa-us.zip	The Moccasin Express / Airway Heights / Washington	https://files.mobilitydatabase.org/mdb-2325/latest.zip
mdb-2326	https://data.trilliumtransit.com/gtfs/muckleshoot-wa-us/muckleshoot-wa-us.zip	Muckleshoot Tribal Transit / Auburn / Washington	https://files.mobilitydatabase.org/mdb-2326/latest.zip
mdb-2328	https://data.trilliumtransit.com/gtfs/nlte-nv-us/nlte-nv-us.zip	North Lake Tahoe Express / Placer County / California	https://files.mobilitydatabase.org/mdb-2328/latest.zip
mdb-2330	https://data.trilliumtransit.com/gtfs/outrider-co-us/outrider-co-us.zip	Bustang Outrider / Grand County / Colorado	https://files.mobilitydatabase.org/mdb-2330/latest.zip
mdb-2331	https://data.trilliumtransit.com/gtfs/pahtopublicpassage-wa-us/pahtopublicpassage-wa-us.zip	Pahto Public Passage / Toppenish / Washington	https://files.mobilitydatabase.org/mdb-2331/latest.zip
mdb-2332	https://rapid.nationalrtap.org/GTFSFileManagement/UserUploadFiles/11557/S1.zip	Shawnee Mass Transit District / Pulaski County / Illinois	https://files.mobilitydatabase.org/mdb-2332/latest.zip
mdb-2346	https://rapid.nationalrtap.org/GTFSFileManagement/UserUploadFiles/5372/Navajo_Transit_GTFS.zip	Navajo Transit System / Gallup / New Mexico	https://files.mobilitydatabase.org/mdb-2346/latest.zip
mdb-2347	https://www.pacebus.com/gtfsdownload	Pace Bus / Cook County / Illinois	https://files.mobilitydatabase.org/mdb-2347/latest.zip
mdb-2350	https://www.thebus.org/transitdata/production/google_transit.zip	TheBus / Honolulu County / Hawaii	https://files.mobilitydatabase.org/mdb-2350/latest.zip
mdb-2351	https://developer.rtcsnv.com/transitData/google_transit.zip	Regional Transportation Commission of Southern Nevada (RTC) / Clark County / Nevada	https://files.mobilitydatabase.org/mdb-2351/latest.zip
mdb-2354	https://www.suntran.com/wp-content/uploads/2024/07/SunTranGTFS.zip	SunTran / Pima County / Arizona	
mdb-2361	https://dptrolley.com/Secure/Admin/Reports/GTFSDownload.aspx	Dana Point Trolley / Dana Point / California	https://files.mobilitydatabase.org/mdb-2361/latest.zip
mdb-2362	https://sctrolley.com/Secure/Admin/Reports/GTFSDownload.aspx	San Clemente Trolley / San Clemente / California	https://files.mobilitydatabase.org/mdb-2362/latest.zip
mdb-2363	https://www.ridedmt.org/home/showpublisheddocument/1979/638106764822070000	Danville Mass Transit / Danville / Illinois	
mdb-2394	https://www.planeteria.com/gtfs/yosemite-ca-us/yosemite-ca-us-gtfs.zip	Yosemite Area Regional Transportation System (YARTS) / Mariposa County / California	
mdb-2395	https://passio3.com/viaboulder/passioTransit/gtfs/google_transit.zip	Via Mobility / Boulder / Colorado	https://files.mobilitydatabase.org/mdb-2395/latest.zip
mdb-2411	https://data.trilliumtransit.com/gtfs/loudouncounty-va-us/loudouncounty-va-us--flex-v2.zip	Loudoun County Transit / Loudoun County / Virginia	https://files.mobilitydatabase.org/mdb-2411/latest.zip
mdb-2413	https://data.trilliumtransit.com/gtfs/cityofgolden-co-us/cityofgolden-co-us.zip	Colorado School Of Mines / Jefferson County / Colorado	https://files.mobilitydatabase.org/mdb-2413/latest.zip
mdb-2414	https://data.trilliumtransit.com/gtfs/cedarfalls-ia-us/cedarfalls-ia-us.zip	Metropolitan Transit Authority of Black Hawk County / Waterloo / Iowa	https://files.mobilitydatabase.org/mdb-2414/latest.zip
mdb-2415	https://data.trilliumtransit.com/gtfs/radford-va-us/radford-va-us.zip	Radford Transit / Radford City / Virginia	https://files.mobilitydatabase.org/mdb-2415/latest.zip
mdb-2416	https://www.pvta.com/g_trans/google_transit.zip	Pioneer Valley Transit Authority (PVTA) / Enfield / Connecticut	
mdb-2418	https://oregon-gtfs.trilliumtransit.com/gtfs_data/morrowcounty-or-us/morrowcounty-or-us.zip	Morrow County Public Transit / Morrow County / Oregon	https://files.mobilitydatabase.org/mdb-2418/latest.zip
mdb-2419	https://coggis.cityofgadsden.com/Public/Transportion/COG_trips.zip	City of Gadsen / Gadsden / Alabama	https://files.mobilitydatabase.org/mdb-2419/latest.zip
mdb-2421	https://countyconnection.com/GTFS/google_transit.zip	County Connection (CCCTA) / Contra Costa County / California	https://files.mobilitydatabase.org/mdb-2421/latest.zip
mdb-2425	https://developer.scmetro.org/gtfs.zip	Santa Cruz Metro (SCMTD) / Santa Clara County / California	https://files.mobilitydatabase.org/mdb-2425/latest.zip
mdb-2432	https://passio3.com/frederick/passioTransit/gtfs/google_transit.zip	Frederick County TransIT / Frederick / Maryland	https://files.mobilitydatabase.org/mdb-2432/latest.zip
mdb-2433	https://www.avon.org/DocumentCenter/View/25051/TownOfAvon_gtfs	Avon Transit / Eagle County / Colorado	https://files.mobilitydatabase.org/mdb-2433/latest.zip
mdb-2434	https://data.trilliumtransit.com/gtfs/arlington-va-us/arlington-va-us--flex-v2.zip	Arlington Transit / Arlington County / Virginia	https://files.mobilitydatabase.org/mdb-2434/latest.zip
mdb-2435	https://data.trilliumtransit.com/gtfs/cortran-va-us/cortran-va-us--flex-v2.zip	CORTRAN / Roanoke / Virginia	https://files.mobilitydatabase.org/mdb-2435/latest.zip
mdb-2436	https://data.trilliumtransit.com/gtfs/mountainempire-va-us/mountainempire-va-us--flex-v2.zip	Mountain Empire Transit / Pennington Gap / Virginia	https://files.mobilitydatabase.org/mdb-2436/latest.zip
mdb-2437	https://data.trilliumtransit.com/gtfs/valleymetro-va-us/valleymetro-va-us--flex-v2.zip	Valley Metro / Virginia	https://files.mobilitydatabase.org/mdb-2437/latest.zip
mdb-2438	https://data.trilliumtransit.com/gtfs/williamsburg-va-us/williamsburg-va-us--flex-v2.zip	Williamsburg Area Transit Authority / James City County / Virginia	https://files.mobilitydatabase.org/mdb-2438/latest.zip
mdb-2439	https://data.trilliumtransit.com/gtfs/baytransit-va-us/baytransit-va-us--flex-v2.zip	Bay Transit / Gloucester County / Virginia	https://files.mobilitydatabase.org/mdb-2439/latest.zip
mdb-2441	https://data.trilliumtransit.com/gtfs/petersburg-va-us/petersburg-va-us--flex-v2.zip	Petersburg Area Transit / Petersburg / Virginia	https://files.mobilitydatabase.org/mdb-2441/latest.zip
mdb-2442	https://data.trilliumtransit.com/gtfs/pulaski-va-us/pulaski-va-us--flex-v2.zip	Pulaski Area Transit (PAT) / Pulaski County / Virginia	https://files.mobilitydatabase.org/mdb-2442/latest.zip
mdb-2443	https://data.trilliumtransit.com/gtfs/radar-va-us/radar-va-us--flex-v2.zip	RADAR / Martinsville / Virginia	https://files.mobilitydatabase.org/mdb-2443/latest.zip
mdb-2444	https://data.trilliumtransit.com/gtfs/startransit-va-us/startransit-va-us--flex-v2.zip	STAR Transit / Exmore / Virginia	https://files.mobilitydatabase.org/mdb-2444/latest.zip
mdb-2445	https://data.trilliumtransit.com/gtfs/vatransit-va-us/vatransit-va-us--flex-v2.zip	Virginia Regional Transit / Culpeper County / Virginia	https://files.mobilitydatabase.org/mdb-2445/latest.zip
mdb-2446	https://data.trilliumtransit.com/gtfs/capecod-ma-us/capecod-ma-us--flex-v2.zip	Cape Cod Regional Transit Authority / Barnstable County / Massachusetts	
mdb-2447	https://data.trilliumtransit.com/gtfs/districtthree-va-us/districtthree-va-us--flex-v2.zip	Mountain Lynx Transit / Washington County / Virginia	https://files.mobilitydatabase.org/mdb-2447/latest.zip
mdb-2456	https://data.trilliumtransit.com/gtfs/ellensburg-wa-us/ellensburg-wa-us.zip	City of Ellensburg Public Transit (Central Transit) / Kittitas County / Washington	https://files.mobilitydatabase.org/mdb-2456/latest.zip
mdb-2608	https://www.heleonbus.hawaiicounty.gov/home/showpublisheddocument/307470/638458319827900000	Hawai'i Mass Transit Agency (Hele-On Bus) / Hawai'i Island / Hawaii	
mdb-2611	https://passio3.com/stlawrence/passioTransit/gtfs/google_transit.zip	St Lawrence County Public Transit / Saint Lawrence County / New York	https://files.mobilitydatabase.org/mdb-2611/latest.zip
mdb-2621	https://oregon-gtfs.trilliumtransit.com/gtfs_data/burnspaiute-or-us/burnspaiute-or-us.zip	Burns Paiute Tribal Transit / Burns / Oregon	https://files.mobilitydatabase.org/mdb-2621/latest.zip
mdb-2634	https://nebula.wsimg.com/40f314b8788fcc32949e0fe528a3c625?AccessKeyId=9E919CD400BCF69A0E80	EZ Rider / Midland / Texas	https://files.mobilitydatabase.org/mdb-2634/latest.zip
mdb-2642	https://gtfs.gptd.cadavl.com/GPTD/GTFS/GTFS_GPTD.zip	Greater Portland Metro Bus / Brunswick / Maine	https://files.mobilitydatabase.org/mdb-2642/latest.zip
mdb-2648	https://www.hpca.gov/DocumentCenter/View/11702	Huntington Park Express / Huntington Park / California	
mdb-2649	https://gtfs.wata.cadavl.com/WATA/GTFS/GTFS_WATA.zip	Williamsburg Area Transit Authority / James City County / Virginia	https://files.mobilitydatabase.org/mdb-2649/latest.zip
mdb-2650	https://s3.amazonaws.com/datatools-511ny/public/Gloversville_Transit_System.zip	Gloversville Transit System / Fulton County / New York	https://files.mobilitydatabase.org/mdb-2650/latest.zip
mdb-2652	https://passio3.com/jtran/passioTransit/gtfs/google_transit.zip	City of Jackson (JTRAN) / Hinds County / Mississippi	https://files.mobilitydatabase.org/mdb-2652/latest.zip
mdb-2706	https://mysmartbus.com/gtfs	South Metro Area Regional Transit (SMART) / Canby / Oregon	https://files.mobilitydatabase.org/mdb-2706/latest.zip
mdb-2709	https://gtfs.remix.com/trinity_county_ca.zip	Trinity Transit / Trinity County / California	https://files.mobilitydatabase.org/mdb-2709/latest.zip
mdb-2739	https://passio3.com/sandyor/passioTransit/gtfs/google_transit.zip	Sandy Area Metro (SAM) / Clackamas County / Oregon	https://files.mobilitydatabase.org/mdb-2739/latest.zip
mdb-2740	https://passio3.com/clackamas/passioTransit/gtfs/google_transit.zip	ClackCo Connects (Clackamas County) / Clackamas County / Oregon	https://files.mobilitydatabase.org/mdb-2740/latest.zip
mdb-2741	https://oregon-gtfs.trilliumtransit.com/gtfs_data/clackamascounty-or-us/clackamascounty-or-us--flex-v2.zip	ClackCo Connects (Clackamas County) / Clackamas County / Oregon	https://files.mobilitydatabase.org/mdb-2741/latest.zip
mdb-2831	https://data.trilliumtransit.com/gtfs/thebus-vt-us/thebus-vt-us--flex-v2.zip	Marble Valley Regional Transit District (MVRTD) / Rutland City / Vermont	https://files.mobilitydatabase.org/mdb-2831/latest.zip
mdb-2840	https://ctrides.com/hlgtfs.zip	Connecticut Transit / New Haven / Connecticut	https://files.mobilitydatabase.org/mdb-2840/latest.zip
mdb-2854	https://schedules.metrarail.com/gtfs/schedule.zip	Metra / Chicago / Illinois	https://files.mobilitydatabase.org/mdb-2854/latest.zip
mdb-2857	https://rapid.nationalrtap.org/GTFSFileManagement/UserUploadFiles/11816/Bisbee_AZ_GTFS.zip	Bisbee Bus / Bisbee / Arizona	https://files.mobilitydatabase.org/mdb-2857/latest.zip
mdb-2858	https://sedonashuttle.com/gtfs/Sedona_Shuttle_Transit_Feed.zip	Sedona Shuttle / Sedona / Arizona	
mdb-2859	https://data.trilliumtransit.com/gtfs/threerivers-mn-us/threerivers-mn-us--flex-v2.zip	Hiawathaland Transit / Faribault / Minnesota	https://files.mobilitydatabase.org/mdb-2859/latest.zip
mdb-2861	https://gtfs.remix.com/island_transit_us.zip	Galveston Island Transit / Galveston / Texas	https://files.mobilitydatabase.org/mdb-2861/latest.zip
mdb-2863	https://mjcaction.com/MJC_GTFS_Public/showlow_gtfs.zip	City of Show Low / Show Low / Arizona	
mdb-2864	https://rapid.nationalrtap.org/GTFSFileManagement/UserUploadFiles/13058/douglas_az_gtfs.zip	City of Douglas / Douglas / Arizona	
mdb-2876	https://keeptahoeblue.sharepoint.com/sites/LeaguetoSaveLakeTahoe-CommunityEngagement/_layouts/15/guestaccess.aspx?share=EdcHnLwMfdJLscvyGDDa8FwB_bLXkpj9XIuG5GFiKdlKJw&e=1yNB6c&download=1	Keep Tahoe Blue / Lake Tahoe / Lake Tahoe	
mdb-2880	https://gtfs.mvgo.org/gtfs.zip	Mountain View Transportation Management Association (MVgo) / Mountain View / California	https://files.mobilitydatabase.org/mdb-2880/latest.zip
mdb-2881	https://passio3.com/watertown/passioTransit/gtfs/google_transit.zip	Watertown Citibus / Watertown / New York	https://files.mobilitydatabase.org/mdb-2881/latest.zip
mdb-2882	https://data.trilliumtransit.com/gtfs/ruralcommunity-vt-us/ruralcommunity-vt-us--flex-v2.zip	Rural Community Transportation (RCT) / Saint Johnsbury / Vermont	https://files.mobilitydatabase.org/mdb-2882/latest.zip
mdb-2883	https://gtfs.mvcommunityshuttle.com/gtfs.zip	Mountain View Community Shuttle / Mountain View / California	https://files.mobilitydatabase.org/mdb-2883/latest.zip
mdb-2884	https://data.trilliumtransit.com/gtfs/sevt-vt-us/sevt-vt-us--flex-v2.zip	VTrans / Dover / Vermont	https://files.mobilitydatabase.org/mdb-2884/latest.zip
mdb-2885	https://www.fairfaxva.gov/files/assets/city/v/2/public-works/documents/schedules-and-maps/cue-gtfs.zip	Fairfax CUE Bus (CUE) / Fairfax / Virginia	https://files.mobilitydatabase.org/mdb-2885/latest.zip
mdb-2886	https://muni-gtfs.apps.sfmta.com/data/muni_gtfs-current.zip	San Francisco Municipal Transportation Agency (SFMTA - Muni) / San Francisco / California	https://files.mobilitydatabase.org/mdb-2886/latest.zip
mdb-2890	https://gtfsdata.ridetm.org/gtfs/fwtatransitdata.zip	Trinity Metro / Fort Worth / Texas	https://files.mobilitydatabase.org/mdb-2890/latest.zip
mdb-2894	https://passio3.com/clovis/passioTransit/gtfs/google_transit.zip	Clovis Transit / Clovis / California	https://files.mobilitydatabase.org/mdb-2894/latest.zip
mdb-2936	https://data.trilliumtransit.com/gtfs/cityofalexandria-va-us/cityofalexandria-va-us--flex-v2.zip	Alexandria DOT / Alexandria / Virginia	https://files.mobilitydatabase.org/mdb-2936/latest.zip
mdb-2937	https://marintransit.gov/data/google_transit.zip	Marin Transit / Belvedere / California	https://files.mobilitydatabase.org/mdb-2937/latest.zip
mdb-3031	https://gtfs.remix.com/redding_area_bus_authority.zip	Redding Area Bus Authority / Redding / California	https://files.mobilitydatabase.org/mdb-3031/latest.zip
mdb-3032	https://hta.optibus.co/public_api/v1/feeds/gtfs	Humboldt Transit Authority / Eureka / California	https://files.mobilitydatabase.org/mdb-3032/latest.zip
mdb-3033	https://rapid.nationalrtap.org/GTFSFileManagement/UserUploadFiles/11782/GTFS.zip	Boston Express / Boston / Massachusetts	https://files.mobilitydatabase.org/mdb-3033/latest.zip
mdb-3035	https://rapid.nationalrtap.org/GTFSFileManagement/UserUploadFiles/13562/PATCO_GTFS.zip	PATCO Speedline / Philadelphia / Pennsylvania	https://files.mobilitydatabase.org/mdb-3035/latest.zip
mdb-3036	https://rapid.nationalrtap.org/GTFSFileManagement/UserUploadFiles/13641/UPPER_MERION_RAMBLER.zip	Upper Merion Rambler / Upper Merion Township / Pennsylvania	https://files.mobilitydatabase.org/mdb-3036/latest.zip
mdb-3037	https://oregon-gtfs.trilliumtransit.com/gtfs_data/columbiacounty-or-us/columbiacounty-or-us--flex-v2.zip	Columbia County Rider / Scappoose / Oregon	https://files.mobilitydatabase.org/mdb-3037/latest.zip
mdb-3038	https://everett.prod.mapstrat.com/current/google_transit.zip	Everett Transit / Everett / Washington	https://files.mobilitydatabase.org/mdb-3038/latest.zip
mdb-3039	https://hope-college-cit.github.io/shuttle/hope-shuttle-gtfs.zip	Hope College Evening Shuttle / Holland / Michigan	https://files.mobilitydatabase.org/mdb-3039/latest.zip
mdb-3093	https://lfportal.nctd.org/staticGTFS/google_transit.zip	North County Transit District (NCTD) / San Diego / California	
mdb-3094	https://cdn.hibuwebsites.com/af26dd3d53e046cf8ce6ac6dc92e7b14/files/uploaded/glenn-county-transit-service-google-transit-2026-01.zip	Glenn Transit Service / Orland / California	https://files.mobilitydatabase.org/mdb-3094/latest.zip
mdb-3095	https://gtfs.remix.com/CalITP.zip	Bellflower Bus / Bellflower / California	https://files.mobilitydatabase.org/mdb-3095/latest.zip
mdb-3096	https://www.goventura.org/wp-content/uploads/2026/02/20260213-GMV_Schedule.zip	Ventura County Transportation Commission / Ventura / California	https://files.mobilitydatabase.org/mdb-3096/latest.zip
mdb-3097	https://www.cityofglendora.gov/files/assets/city/v/3/recreation-amp-human-services/transportation/documents/gtfs-6-2025.zip	Glendora Transportation Division / Glendora / California	https://files.mobilitydatabase.org/mdb-3097/latest.zip
mdb-3098	https://passio3.com/rosemead/passioTransit/gtfs/google_transit.zip	Rosemead Explorer / Los Angeles County / California	https://files.mobilitydatabase.org/mdb-3098/latest.zip
mdb-3099	https://s3.amazonaws.com/etatransit.gtfs/tracer.etaspot.net/gtfs.zip	City of Tracy (TRACER) / Tracy / California	https://files.mobilitydatabase.org/mdb-3099/latest.zip
mdb-3105	https://boxcar-gtfs.vercel.app/api/gtfs	Boxcar / Montclair / New Jersey	https://files.mobilitydatabase.org/mdb-3105/latest.zip
mdb-3109	https://oregon-gtfs.trilliumtransit.com/gtfs_data/benton-or-us/benton-or-us--flex-v2.zip	Benton Area Transportation / Corvallis / Oregon	https://files.mobilitydatabase.org/mdb-3109/latest.zip
mdb-3112	https://data.trilliumtransit.com/gtfs/pacifictransit-wa-us/pacifictransit-wa-us.zip	Pacific Transit / Raymond / Washington	https://files.mobilitydatabase.org/mdb-3112/latest.zip
mdb-3114	https://scheduledata.rgrta.com/Regionals/Livingston.zip	Rochester Transit Service / Geneseo / New York	https://files.mobilitydatabase.org/mdb-3114/latest.zip
mdb-3115	https://tracksctbus.org/gtfs	Suffolk County Transit / Brentwood / New York	https://files.mobilitydatabase.org/mdb-3115/latest.zip
mdb-3116	https://github.com/columbia-county-ny-transit/gtfs-generator/raw/refs/heads/main/columbia_county_gtfs.zip	Columbia County Public Transportation / Hudson / New York	https://files.mobilitydatabase.org/mdb-3116/latest.zip
mdb-3117	https://thebuslive.com/gtfs	Merced County Transit (The Bus) / Merced / California	https://files.mobilitydatabase.org/mdb-3117/latest.zip
ntd-294	https://pullmanbusbeacon.com/gtfs	City of Pullman / Whitman County / Washington	https://files.mobilitydatabase.org/ntd-294/latest.zip
ntd-387	https://bethel.govoffice.com/vertical/Sites/%7B86032ACB-92B0-4505-919A-3F45B84FECD9%7D/uploads/bts_gtfs.zip	City of Bethel / Unorganized Borough / Alaska	
ntd-404	https://rapid.nationalrtap.org/GTFSFileManagement/UserUploadFiles/11688/shoshone-idaho-id-us.zip	Silver Express Shuttle / Kellogg / Idaho	https://files.mobilitydatabase.org/ntd-404/latest.zip
ntd-10004	https://passio3.com/brockton/passioTransit/gtfs/google_transit.zip	Brockton Area Transit Authority / Plymouth County / Massachusetts	https://files.mobilitydatabase.org/ntd-10004/latest.zip
ntd-10107	https://hosted-gtfs-feeds.s3.amazonaws.com/Milford/gtfs.zip	Milford Transit District / Milford / Connecticut	https://files.mobilitydatabase.org/ntd-10107/latest.zip
ntd-10159	http://www.swrpc.org/wp-content/uploads/2024/03/HCS_GTFS.zip	City Express / Cheshire County / New Hampshire	https://files.mobilitydatabase.org/ntd-10159/latest.zip
ntd-11152	https://rapid.nationalrtap.org/GTFSFileManagement/UserUploadFiles/11763/mptn_gtfs.zip	Mashantucket Pequot Tribal Nation / Ledyard / Connecticut	https://files.mobilitydatabase.org/ntd-11152/latest.zip
ntd-20005	https://s3.amazonaws.com/datatools-511ny/public/Chemung_C_TRAN.zip	Chemung County (C-TRAN) / Chemung County / New York	https://files.mobilitydatabase.org/ntd-20005/latest.zip
ntd-20177	https://cmscdn.trailways.com/gtfs/trailways_gtfs.zip	Adirondack Trailways, New York Trailways, Pine Hill Trailways, Burlington Trailways / Ulster County / New York	https://files.mobilitydatabase.org/ntd-20177/latest.zip
ntd-20209	https://www.njtransit.com/SomersetCounty_bus_data.zip	Somerset County / Franklin Township / New Jersey	https://files.mobilitydatabase.org/ntd-20209/latest.zip
ntd-20226	https://seastreak.com/api/transit/google_transit.zip	SeaStreak Ferries / New York County / New York	https://files.mobilitydatabase.org/ntd-20226/latest.zip
ntd-20950	https://www.njtransit.com/sussexcounty_bus_data.zip	Sussex County Skylands Ride / Newton / New Jersey	https://files.mobilitydatabase.org/ntd-20950/latest.zip
ntd-22929	https://passio3.com/senecanation/passioTransit/gtfs/google_transit.zip	Seneca Transit System / Cattaraugus County / New York	https://files.mobilitydatabase.org/ntd-22929/latest.zip
ntd-30054	https://catabus.com/wp-content/uploads/google_transit.zip	Centre Area Transportation Authority (CATABUS) / Centre County / Pennsylvania	https://files.mobilitydatabase.org/ntd-30054/latest.zip
ntd-30116	https://lats.rideralerts.com/infopoint/gtfs-zip.ashx	Borough of Mt. Carmel / Sunbury / Pennsylvania	https://files.mobilitydatabase.org/ntd-30116/latest.zip
ntd-30124	https://tawc.rideralerts.com/InfoPoint/gtfs-zip.ashx	Transit Authority of Warren County / Warren County / Pennsylvania	https://files.mobilitydatabase.org/ntd-30124/latest.zip
ntd-40024	https://metracolumbus.com/gtfs	METRA / Muscogee County / Georgia	https://files.mobilitydatabase.org/ntd-40024/latest.zip
ntd-40054	https://www.johnsoncitytransit.org/google_transit.zip	Johnson City / Johnson City / Tennessee	https://files.mobilitydatabase.org/ntd-40054/latest.zip
ntd-40055	https://www.bristoltn.org/DocumentCenter/View/10245/btt-bristol-tn-us	City of Bristol Tennessee / Sullivan County / Tennessee	https://files.mobilitydatabase.org/ntd-40055/latest.zip
ntd-40056	https://res2.yourwebsite.life/res/605995d1530fd500214c97ba/65d93f37ca8ed2000ecad7f6	Pee Dee Regional Transportation Authority / Florence / South Carolina	https://files.mobilitydatabase.org/ntd-40056/latest.zip
ntd-40060	https://api.transloc.com/gtfs/hct.zip	City of Hattiesburg / Hattiesburg / Mississippi	https://files.mobilitydatabase.org/ntd-40060/latest.zip
ntd-40063	https://321transit.com/wp-content/uploads/2024/04/gtfs_151.zip	Space Coast Area Transit / Melbourne / Florida	https://files.mobilitydatabase.org/ntd-40063/latest.zip
ntd-40080	https://api.transloc.com/gtfs/kats.zip	City of Kingsport / Kingsport / Tennessee	https://files.mobilitydatabase.org/ntd-40080/latest.zip
ntd-40104	https://ftis.org/ftde/40104-IndianRiverTransit/gtfs.zip	Indian River Transit / Sebastian / Florida	https://files.mobilitydatabase.org/ntd-40104/latest.zip
ntd-40117	http://rapid.nationalrtap.org/GTFSFileManagement/UserUploadFiles/11526/MUVB_GTFS.zip	Municipality of Vega Baja / Morovis / Puerto Rico	https://files.mobilitydatabase.org/ntd-40117/latest.zip
ntd-40131	https://www.dcridestracker.com/gtfs	Davidson County Transportation Services / Davidson County / North Carolina	https://files.mobilitydatabase.org/ntd-40131/latest.zip
ntd-40137	https://rapid.nationalrtap.org/GTFSFileManagement/UserUploadFiles/11391/MunBayamonGTFS.zip	Municipality of Bayamon / Bayamón / Puerto Rico	https://files.mobilitydatabase.org/ntd-40137/latest.zip
ntd-40184	https://gobg.ridesystems.net/Secure/Admin/Reports/GTFSDownload.aspx	City of Bowling Green / Bowling Green / Kentucky	https://files.mobilitydatabase.org/ntd-40184/latest.zip
ntd-40188	https://rapid.nationalrtap.org/GTFSFileManagement/UserUploadFiles/11872/vitran_gtfs.zip	Virgin Island Transit (VITran) / Anna's Retreat / United States Virgin Islands	https://files.mobilitydatabase.org/ntd-40188/latest.zip
ntd-40206	http://data.trilliumtransit.com/gtfs/tricountylink-sc-us/tricountylink-sc-us.zip	TriCounty Link / Charleston County / South Carolina	https://files.mobilitydatabase.org/ntd-40206/latest.zip
ntd-41032	https://rapid.nationalrtap.org/GTFSFileManagement/UserUploadFiles/11892/maysville_ky_gtfs.zip	City of Maysville / Maysville / Kentucky	https://files.mobilitydatabase.org/ntd-41032/latest.zip
ntd-41083	https://rapid.nationalrtap.org/GTFSFileManagement/UserUploadFiles/11923/glasgow_gtfs.zip	City of Glasgow / Barren County / Kentucky	https://files.mobilitydatabase.org/ntd-41083/latest.zip
ntd-41136	https://pigeonforge.connexionz.net/rtt/public/resource/gtfs.zip	City of Pigeon Forge / Sevier County / Tennessee	https://files.mobilitydatabase.org/ntd-41136/latest.zip
ntd-44929	https://rapid.nationalrtap.org/GTFSFileManagement/UserUploadFiles/11865/watertrolley_ftl_gtfs.zip	LauderGO! Water Trolley / Fort Lauderdale / Florida	https://files.mobilitydatabase.org/ntd-44929/latest.zip
ntd-50028	https://ridemetrobus.com/transit/google_transit.zip	St. Cloud Metropolitan Transit Commission / Stearns County / Minnesota	https://files.mobilitydatabase.org/ntd-50028/latest.zip
ntd-50029	https://rapid.nationalrtap.org/GTFSFileManagement/UserUploadFiles/11684/BMTA_GTFS.zip	Bay Metropolitan Transit Authority / Bay County / Michigan	https://files.mobilitydatabase.org/ntd-50029/latest.zip
ntd-50060	https://developer.mtd.org/gtfs/google_transit.zip	Champaign-Urbana Mass Transit District / Champaign / Illinois	https://files.mobilitydatabase.org/ntd-50060/latest.zip
ntd-50145	https://rapid.nationalrtap.org/GTFSFileManagement/UserUploadFiles/11767/CityofKokomo_Transit.zip	City of Kokomo / Howard County / Indiana	https://files.mobilitydatabase.org/ntd-50145/latest.zip
ntd-50163	https://transit.lickingcounty.gov/api/exports/gtfs	Licking County Transit / Newark / Ohio	https://files.mobilitydatabase.org/ntd-50163/latest.zip
ntd-50205	https://content.mankatomn.gov/transit/google_transit.zip	Mankato Transit System / Mankato / Minnesota	
ntd-50209	https://rapid.nationalrtap.org/GTFSFileManagement/UserUploadFiles/11596/CIRTA_GTFS.zip	Central Indiana Regional Transportation Authority, Access Johnson County / Johnson County / Indiana	https://files.mobilitydatabase.org/ntd-50209/latest.zip
ntd-50232	https://api.transloc.com/gtfs/wiu.zip	Go West Transit / Macomb / Illinois	https://files.mobilitydatabase.org/ntd-50232/latest.zip
ntd-50282	https://img1.wsimg.com/blobby/go/c8af6a6d-67d8-4429-b7ec-3fefc453da10/downloads/KPTA_GTFS.zip?ver=1715188985751	Kalkaska Public Transit Authority / Kalkaska / Michigan	https://files.mobilitydatabase.org/ntd-50282/latest.zip
ntd-50386	https://rapid.nationalrtap.org/GTFSFileManagement/UserUploadFiles/11734/gtfstransit.zip	City of Houghton / Houghton / Michigan	https://files.mobilitydatabase.org/ntd-50386/latest.zip
ntd-50502	https://gis.ci.galesburg.il.us/cityofgalesburg-il-us.zip	City of Galesburg / Knox County / Illinois	https://files.mobilitydatabase.org/ntd-50502/latest.zip
ntd-60023	https://america.usetransit.com/api/1/public/gtfs/31/gtfs.zip?token=0bcf57ebd588bd7749168808071d365973b45d1d8	Lake Charles Transit / Lake Charles / Louisiana	https://files.mobilitydatabase.org/ntd-60023/latest.zip
ntd-60032	https://www.norta.com/RTA/media/GTFS/GTFS.zip	New Orleans Regional Transit Authority (NORTA) / New Orleans / Louisiana	https://files.mobilitydatabase.org/ntd-60032/latest.zip
ntd-60058	https://rapid.nationalrtap.org/GTFSFileManagement/UserUploadFiles/11870/sbp_sburt_gtfs.zip	St. Bernard Parish / Chalmette / Louisiana	https://files.mobilitydatabase.org/ntd-60058/latest.zip
ntd-60080	https://america.usetransit.com/api/1/public/gtfs/7/gtfs.zip?token=987dbc22d5980a4be397675617103334454552804	Good Earth Transit / Terrebonne Parish / Louisiana	https://files.mobilitydatabase.org/ntd-60080/latest.zip
ntd-60081	https://cloud.longviewtexas.gov/maps/LongviewTransitGTFS/LongviewTransitGTFS.zip	City of Longview / Longview / Texas	https://files.mobilitydatabase.org/ntd-60081/latest.zip
ntd-60086	https://rapid.nationalrtap.org/GTFSFileManagement/UserUploadFiles/11783/FST_GTFS.zip	City of Fort Smith / Fort Smith / Arkansas	https://files.mobilitydatabase.org/ntd-60086/latest.zip
ntd-60089	https://passio3.com/tylertx/passioTransit/gtfs/google_transit.zip	City of Tyler / Tyler / Texas	https://files.mobilitydatabase.org/ntd-60089/latest.zip
ntd-60093	https://rapid.nationalrtap.org/GTFSFileManagement/UserUploadFiles/11728/texarkanaurbantransit-tx-us.zip	Texarkana Urban Transit District (T-Line Bus) / Texarkana / Texas	https://files.mobilitydatabase.org/ntd-60093/latest.zip
ntd-60097	http://nebula.wsimg.com/d1765d43782cc9d2d026c4925e8a189b?AccessKeyId=9E919CD400BCF69A0E80&disposition=0&alloworigin=1	Midland-Odessa Urban Transit District / Midland / Texas	https://files.mobilitydatabase.org/ntd-60097/latest.zip
ntd-60103	https://www.fortbendcountytx.gov/sites/default/files/document-central/document-central/public-transportation-documents/FortBendGTFS.Zip	Fort Bend County, Texas / Houston / Texas	https://files.mobilitydatabase.org/ntd-60103/latest.zip
ntd-60133	https://mata.tripshot.com/v1/gtfs/feed/public	McKinney Avenue Transit Authority / Dallas / Texas	https://files.mobilitydatabase.org/ntd-60133/latest.zip
ntd-60160	https://shuttle.okstate.edu/gtfs_google/gtfs.zip	Oklahoma State University -Stillwater Community Transit / Stillwater / Oklahoma	https://files.mobilitydatabase.org/ntd-60160/latest.zip
ntd-60161	https://rapid.nationalrtap.org/GTFSFileManagement/UserUploadFiles/11548/Transit_feed.zip	Eureka Springs Transit / Eureka Springs / Arkansas	https://files.mobilitydatabase.org/ntd-60161/latest.zip
ntd-60167	https://www.roswell-nm.gov/DocumentCenter/View/24460/gtfs	Roswell Transit / Roswell / New Mexico	https://files.mobilitydatabase.org/ntd-60167/latest.zip
ntd-60190	https://rapid.nationalrtap.org/GTFSFileManagement/UserUploadFiles/11543/hobbs_gtfs.zip	City of Hobbs / Lea County / New Mexico	https://files.mobilitydatabase.org/ntd-60190/latest.zip
ntd-60196	http://rapid.nationalrtap.org/GTFSFileManagement/UserUploadFiles/11510/tangipahoa_gtfs.zip	Tangipahoa Voluntary Council on Aging / Tangipahoa Parish / Louisiana	https://files.mobilitydatabase.org/ntd-60196/latest.zip
ntd-60274	https://www.southtexascollege.edu/jagexpress/files/stc_jagexpress_gtfs.zip	South Texas College / McAllen / Texas	https://files.mobilitydatabase.org/ntd-60274/latest.zip
ntd-66242	https://rapid.nationalrtap.org/GTFSFileManagement/UserUploadFiles/7763/AshiwiGTFS.zip	A:Shiwi Transit / McKinley County / New Mexico	https://files.mobilitydatabase.org/ntd-66242/latest.zip
ntd-70016	https://www.gocomotransit.com/wp-content/uploads/2023/10/GTFS.zip	Get Around Columbia (GoCOMO) / Columbia / Missouri	https://files.mobilitydatabase.org/ntd-70016/latest.zip
ntd-70018	https://iowa.syncromatics.com/gtfs	City of Iowa City / Johnson County / Iowa	
ntd-70043	https://jctgtfsdownload.itcurves.us/DownloadGtfs	City of Jefferson / Cole County / Missouri	https://files.mobilitydatabase.org/ntd-70043/latest.zip
ntd-70060	https://rapid.nationalrtap.org/GTFSFileManagement/UserUploadFiles/11352/DSNWK_Hays_KS_gtfs.zip	Developmental Services of NW Kansas/ACCESS Transportation / Ellis County / Kansas	https://files.mobilitydatabase.org/ntd-70060/latest.zip
ntd-80003	https://ridematbus.com/gtfs	City of Fargo / Cass County / North Dakota	https://files.mobilitydatabase.org/ntd-80003/latest.zip
ntd-80028	https://www.mycvtdbus.org/gtfs	Cache Valley Transit District / Cache County / Utah	https://files.mobilitydatabase.org/ntd-80028/latest.zip
ntd-80121	https://rapid.nationalrtap.org/GTFSFileManagement/UserUploadFiles/6174/wrta_wy_gtfs.zip	Wind River Transportation Authority / Riverton / Wyoming	https://files.mobilitydatabase.org/ntd-80121/latest.zip
ntd-80188	https://gtfs.start.cadavl.com/START/GTFS/GTFS_START.zip	Southern Teton Area Rapid Transit (START Bus) / Teton County / Wyoming	https://files.mobilitydatabase.org/ntd-80188/latest.zip
ntd-88200	https://mjcaction.com/MJC_GTFS_Public/utetribe_gtfs.zip	Ute Tribe Public Transit / Uintah County / Utah	https://files.mobilitydatabase.org/ntd-88200/latest.zip
ntd-88293	https://rapid.nationalrtap.org/GTFSFileManagement/UserUploadFiles/11888/ParkCountyGTFS.zip	Park County Transit / Park County / Montana	https://files.mobilitydatabase.org/ntd-88293/latest.zip
ntd-90091	https://tularecog.org/tcag/data-gis-modeling/gtfs-data/visalia-transit-gtfs/	Visalia Transit / Visalia / California	https://files.mobilitydatabase.org/ntd-90091/latest.zip
ntd-90162	http://rta.trideltatransit.com/rtt/public/resource/gtfs.zip	Tri Delta Transit / Contra Costa County / California	https://files.mobilitydatabase.org/ntd-90162/latest.zip
ntd-90163	https://govcbus.com/gtfs	City of Camarillo / Ventura County / California	https://files.mobilitydatabase.org/ntd-90163/latest.zip
ntd-90208	https://planmyride.blinetransit.com/gtfsrealtime/google_transit.zip	Butte Regional Transit (B-Line) / Butte County / California	https://files.mobilitydatabase.org/ntd-90208/latest.zip
ntd-90217	https://data.trilliumtransit.com/gtfs/manteca-ca-us/manteca-ca-us.zip	City of Manteca / Manteca / California	https://files.mobilitydatabase.org/ntd-90217/latest.zip
ntd-90237	https://thekauaibus.com/gtfs	The Kauai Bus / Kauaʻi County / Hawaii	https://files.mobilitydatabase.org/ntd-90237/latest.zip
ntd-90241	https://mauibus.org/gtfs	Maui County Transit / Maui County / Hawaii	https://files.mobilitydatabase.org/ntd-90241/latest.zip
ntd-90258	https://rapid.nationalrtap.org/GTFSFileManagement/UserUploadFiles/11488/CTSGTSFFeedFiles(1.3.24).zip	Carson Transportation Services / Carson / California	https://files.mobilitydatabase.org/ntd-90258/latest.zip
ntd-91122	https://sunshuttle.tripshot.com/v1/gtfs.zip?regionId=CA558DDC-D7F2-4B48-9CAC-DEEA1134F820	Regional Transportation Authority of Pima County / Pima County / Arizona	https://files.mobilitydatabase.org/ntd-91122/latest.zip
ntd-99419	http://rapid.nationalrtap.org/GTFSFileManagement/UserUploadFiles/5156/yrt_gtfs.zip	Yavapai Regional Transit / Yavapai County / Arizona	
tld-61	https://gtfs.vre.org/containercdngtfsupload/google_transit.zip	Virginia Railway Express / Washington / District of Columbia	https://files.mobilitydatabase.org/tld-61/latest.zip
tld-77	https://passio3.com/beloit/passioTransit/gtfs/google_transit.zip	Beloit Transit System / Rock County / Wisconsin	https://files.mobilitydatabase.org/tld-77/latest.zip
tld-89	http://mychtransit.org/gtfs	Chapel Hill Transit / Chapel Hill / North Carolina	https://files.mobilitydatabase.org/tld-89/latest.zip
tld-98	https://godurham.rideralerts.com/InfoPoint/GTFS-Zip.ashx	GoDurham / Durham / North Carolina	https://files.mobilitydatabase.org/tld-98/latest.zip
tld-170	https://passio3.com/cet/passioTransit/gtfs/google_transit.zip	Cascades East Transit / Bend / Oregon	https://files.mobilitydatabase.org/tld-170/latest.zip
tld-202	http://gotriangle.org/gtfs	Research Triangle Regional Public Transportation Authority / Alamance County / North Carolina	https://files.mobilitydatabase.org/tld-202/latest.zip
tld-217	http://www.viainfo.net/BusService/google_transit.zip	VIA Metropolitan Transit / Balcones Heights / Texas	https://files.mobilitydatabase.org/tld-217/latest.zip
tld-223	https://realtime.rabbittransit.org/InfoPoint/GTFS-Zip.ashx	rabbittransit / Baltimore County / Maryland	https://files.mobilitydatabase.org/tld-223/latest.zip
tld-235	https://tulsa.rideralerts.com/InfoPoint/GTFS-Zip.ashx	Metropolitan Tulsa Transit Authority / Osage County / Oklahoma	https://files.mobilitydatabase.org/tld-235/latest.zip
tld-395	https://bus.wichitatransit.org/InfoPoint/gtfs-zip.ashx	Wichita Transit / Sedgwick County / Kansas	https://files.mobilitydatabase.org/tld-395/latest.zip
tld-401	https://metro.nfta.com/__googletransit/google_transit.zip	Niagara Frontier Transportation Authority / Buffalo / New York	https://files.mobilitydatabase.org/tld-401/latest.zip
tld-461	http://infopoint.sunline.org/InfoPoint/gtfs-zip.ashx	SunLine Transit Agency / Beaumont / California	https://files.mobilitydatabase.org/tld-461/latest.zip
tld-471	https://www.glendaleca.gov/home/showdocument?id=29549	Glendale Beeline / California	
tld-478_1	https://bus.gatech.edu/Secure/Admin/Reports/GTFSDownload.aspx	Georgia Tech Stinger Bus / Fulton County / Georgia	https://files.mobilitydatabase.org/tld-478_1/latest.zip
tld-490	https://gtfs.greenlink.cadavl.com/GTA/GTFS/GTFS_GTA.zip	Greenlink / Berea / South Carolina	https://files.mobilitydatabase.org/tld-490/latest.zip
tld-492	https://gtfs.tri-rail.com/gtfs.zip	South Florida Regional Transportation Authority / Fort Lauderdale / Florida	https://files.mobilitydatabase.org/tld-492/latest.zip
tld-674	https://trackmybus.kmetro.org/InfoPoint/GTFS-Zip.ashx	Kalamazoo Metro Transit / Kalamazoo / Michigan	https://files.mobilitydatabase.org/tld-674/latest.zip
tld-679	https://rapid.nationalrtap.org/GTFSFileManagement/UserUploadFiles/12009/VistaTransit_AZ_GTFS.zip	City of Sierra Vista / Sierra Vista / Arizona	https://files.mobilitydatabase.org/tld-679/latest.zip
tld-688	https://www.carson.org/home/showpublisheddocument/88322/638424553550370000	Jump Around Carson / Carson City / Nevada	https://files.mobilitydatabase.org/tld-688/latest.zip
tld-764	https://ride.jtafla.com/gtfs-archive/gtfs.zip	Jacksonville Transportation Authority / Duval County / Florida	https://files.mobilitydatabase.org/tld-764/latest.zip
tld-820	https://itransitnw.com/rtt/public/resource/gtfs.zip	Valley Transit / Walla Walla / Washington	https://files.mobilitydatabase.org/tld-820/latest.zip
tld-881	https://nts.rideralerts.com/InfoPoint/gtfs-zip.ashx	Norwalk Transit System / Artesia / California	https://files.mobilitydatabase.org/tld-881/latest.zip
tld-962	https://rapid.nationalrtap.org/GTFSFileManagement/UserUploadFiles/7944/UpdateGTFS_Feed_Greenway.zip	Greenway Public Transportation / Hickory / North Carolina	
tld-1039	https://assets.lawrenceks.org/transit/KU-LTS_GTFS.zip	KU on Wheels & Lawrence Transit System / Lawrence / Kansas	https://files.mobilitydatabase.org/tld-1039/latest.zip
tld-1200	https://scheduledata.rgrta.com/Regionals/Seneca.zip	Rochester-Genesee Regional Transportation Authority / Seneca County / New York	https://files.mobilitydatabase.org/tld-1200/latest.zip
tld-1201	https://scheduledata.rgrta.com/Regionals/Wayne.zip	Rochester-Genesee Regional Transportation Authority / Newark / New York	https://files.mobilitydatabase.org/tld-1201/latest.zip
tld-1213_1	https://mjcaction.com/MJC_GTFS_Public/sandusky_google_transit.zip	Sandusky Transit System / Erie County / Ohio	https://files.mobilitydatabase.org/tld-1213_1/latest.zip
tld-1238	https://tularetransit.com/gtfs	Tulare InterModal Express / Tulare / California	
tld-1253	https://gitlab.com/LACMTA/gtfs_lax/-/archive/master/gtfs_lax-master.zip?path=la_county	Los Angeles County Shuttles / Los Angeles / California	https://files.mobilitydatabase.org/tld-1253/latest.zip
tld-1256	http://apps.santaclaritatransit.com/rtt/public/utility/gtfs.aspx	City of Santa Clarita Transit / Los Angeles / California	https://files.mobilitydatabase.org/tld-1256/latest.zip
tld-1301	https://app.mecatran.com/urb/ws/feed/c2l0ZT1zeXZ0O2NsaWVudD1zZWxmO2V4cGlyZT07dHlwZT1ndGZzO2tleT00MjcwNzQ0ZTY4NTAzOTMyMDIxMDdjNzI0MDRkMzYyNTM4MzI0YzI0	Santa Ynez Valley Transit / Santa Barbara County / California	https://files.mobilitydatabase.org/tld-1301/latest.zip
tld-1319	https://bluebustracker.availtec.com/InfoPoint/GTFS-Zip.ashx	North Central Regional Transit District / Dulce / New Mexico	https://files.mobilitydatabase.org/tld-1319/latest.zip
tld-1660_1	https://gtfs.remix.com/topeka_metro_ks_us.zip	Topeka Metro / Shawnee County / Kansas	https://files.mobilitydatabase.org/tld-1660_1/latest.zip
tld-1716_1	https://s3.amazonaws.com/etatransit.gtfs/tarta.etaspot.net/gtfs.zip	Toledo Area Regional Transit Authority / Lucas County / Ohio	https://files.mobilitydatabase.org/tld-1716_1/latest.zip
tld-1717	https://myvalleystops.wrtaonline.com/InfoPoint/gtfs-zip.ashx	Western Reserve Transit Authority / Mahoning County / Ohio	https://files.mobilitydatabase.org/tld-1717/latest.zip
tld-2276	https://passio3.com/uga/passioTransit/gtfs/google_transit.zip	University of Georgia / Athens-Clarke County / Georgia	https://files.mobilitydatabase.org/tld-2276/latest.zip
tld-2289	https://data.trilliumtransit.com/gtfs/piercecountyferries-wa-us/piercecountyferries-wa-us.zip	Pierce County Ferries / Pierce County / Washington	https://files.mobilitydatabase.org/tld-2289/latest.zip
tld-2290	https://github.com/Seattle-Monorail-Services/gtfs/raw/refs/heads/main/96_gtfs.zip	Seattle Center Monorail / King County / Washington	https://files.mobilitydatabase.org/tld-2290/latest.zip
tld-3364	https://data.trilliumtransit.com/gtfs/rooseveltisland-ny-us/rooseveltisland-ny-us.zip	Roosevelt Island Operating Corporation Tramway / New York County / New York	https://files.mobilitydatabase.org/tld-3364/latest.zip
tld-3368	https://s3.amazonaws.com/datatools-511ny/public/TOR_Transport_of_Rockland.zip	Transport of Rockland / Rockland County / New York	https://files.mobilitydatabase.org/tld-3368/latest.zip
tld-4129	https://gptc-gtfs.s3.us-east-2.amazonaws.com/gptc_gtfs.zip	Gary Public Transportation Corporation / Lake County / Indiana	https://files.mobilitydatabase.org/tld-4129/latest.zip
tld-4134	https://freedom.rideralerts.com/InfoPoint/gtfs-zip.ashx	Freedom Transit / Bethel Park / Pennsylvania	https://files.mobilitydatabase.org/tld-4134/latest.zip
tld-4135	https://www.highpointnc.gov/DocumentCenter/View/7138/Transit-Feed	High Point Transit / High Point / North Carolina	
tld-4145	https://data.trilliumtransit.com/gtfs/danville-va-us/danville-va-us.zip	Danville Transit / Danville / Virginia	https://files.mobilitydatabase.org/tld-4145/latest.zip
tld-4210	https://oregon-gtfs.trilliumtransit.com/gtfs_data/columbiacounty-or-us/columbiacounty-or-us.zip	Columbia County Rider / Scappoose / Oregon	https://files.mobilitydatabase.org/tld-4210/latest.zip
tld-4211	https://oregon-gtfs.trilliumtransit.com/gtfs_data/clatsopcounty-or-us/clatsopcounty-or-us.zip	Sunset Empire Transportation District / Clatsop County / Oregon	https://files.mobilitydatabase.org/tld-4211/latest.zip
tld-4273	http://rapid.nationalrtap.org/GTFSFileManagement/UserUploadFiles/5197/FH_ATA_GTFS.zip	Flint Hills Area Transportation Agency / Geary County / Kansas	https://files.mobilitydatabase.org/tld-4273/latest.zip
tld-4298	https://cat.rideralerts.com/InfoPoint/gtfs-zip.ashx	Capital Area Transit / Cumberland County / Pennsylvania	https://files.mobilitydatabase.org/tld-4298/latest.zip
tld-4379	https://s3.amazonaws.com/datatools-511ny/public/Fullington_Trailways.zip	Fullington Trailways / Newark / New Jersey	https://files.mobilitydatabase.org/tld-4379/latest.zip
tld-4385	https://passio3.com/hart/passioTransit/gtfs/google_transit.zip	Housatonic Area Regional Transit / Fairfield County / Connecticut	https://files.mobilitydatabase.org/tld-4385/latest.zip
tld-4386	https://www.weho.org/home/showdocument?id=53383&t=637901042129473913	City of West Hollywood / Los Angeles / California	
tld-4454	https://passio3.com/chapman/passioTransit/gtfs/google_transit.zip	Chapman University / Orange County / California	https://files.mobilitydatabase.org/tld-4454/latest.zip
tld-4456	https://passio3.com/columbia/passioTransit/gtfs/google_transit.zip	Columbia University / New York County / New York	https://files.mobilitydatabase.org/tld-4456/latest.zip
tld-4458	https://passio3.com/emory/passioTransit/gtfs/google_transit.zip	Emory Hospital Midtown / Atlanta / Georgia	https://files.mobilitydatabase.org/tld-4458/latest.zip
tld-4459	https://rapid.nationalrtap.org/GTFSFileManagement/UserUploadFiles/11735/EPTA_WV_GTFS.zip	Eastern Panhandle Transit Authority / Martinsburg / West Virginia	https://files.mobilitydatabase.org/tld-4459/latest.zip
tld-4461	https://passio3.com/fresno/passioTransit/gtfs/google_transit.zip	Fresno State University / Fresno / California	https://files.mobilitydatabase.org/tld-4461/latest.zip
tld-4462	https://passio3.com/harvard/passioTransit/gtfs/google_transit.zip	Harvard University / Middlesex County / Massachusetts	https://files.mobilitydatabase.org/tld-4462/latest.zip
tld-4465	https://passio3.com/mercy/passioTransit/gtfs/google_transit.zip	Mercy College / Westchester County / New York	https://files.mobilitydatabase.org/tld-4465/latest.zip
tld-4466	https://passio3.com/miller/passioTransit/gtfs/google_transit.zip	Miller Transportation / Athens County / Ohio	https://files.mobilitydatabase.org/tld-4466/latest.zip
tld-4469	https://passio3.com/northfork/passioTransit/gtfs/google_transit.zip	North Fork Area Transit / Madison County / Nebraska	https://files.mobilitydatabase.org/tld-4469/latest.zip
tld-4470	https://passio3.com/ozark/passioTransit/gtfs/google_transit.zip	Ozark Regional Transit / Washington County / Arkansas	https://files.mobilitydatabase.org/tld-4470/latest.zip
tld-4472	https://passio3.com/chicago/passioTransit/gtfs/google_transit.zip	University of Chicago / Cook County / Illinois	https://files.mobilitydatabase.org/tld-4472/latest.zip
tld-4473	https://passio3.com/uconn/passioTransit/gtfs/google_transit.zip	University of Connecticut (UCONN / WRTD) / Windham County / Connecticut	https://files.mobilitydatabase.org/tld-4473/latest.zip
tld-4506	https://myride.martin.fl.us/GTFS/google_transit.zip	Martin County Public Transit / Martin County / Florida	https://files.mobilitydatabase.org/tld-4506/latest.zip
tld-4548	https://my.ridervt.com/InfoPoint/gtfs-zip.ashx	River Valley Transit / Clinton County / Pennsylvania	https://files.mobilitydatabase.org/tld-4548/latest.zip
tld-4551	https://rideata.rideralerts.com/InfoPoint/gtfs-zip.ashx	Area Transit Authority / Cameron County / Pennsylvania	https://files.mobilitydatabase.org/tld-4551/latest.zip
tld-4553	https://coltsivl.availtec.com/InfoPoint/gtfs-zip.ashx	County of Lackawanna Transit System / Dickson City / Pennsylvania	https://files.mobilitydatabase.org/tld-4553/latest.zip
tld-4555	https://realtimelctabus.availtec.com/InfoPoint/gtfs-zip.ashx	Luzerne County Transportation Authority / Lackawanna County / Pennsylvania	https://files.mobilitydatabase.org/tld-4555/latest.zip
tld-4659	https://butlerivl.availtec.com/InfoPoint/gtfs-zip.ashx	Butler Transit Authority / Allegheny County / Pennsylvania	https://files.mobilitydatabase.org/tld-4659/latest.zip
tld-4661	https://indigobus.availtec.com/InfoPoint/gtfs-zip.ashx	Indiana County Transit Authority / Blairsville / Pennsylvania	https://files.mobilitydatabase.org/tld-4661/latest.zip
tld-4663	https://svss.availtec.com/InfoPoint/gtfs-zip.ashx	Shenango Valley Shuttle Service / Farrell / Pennsylvania	https://files.mobilitydatabase.org/tld-4663/latest.zip
tld-4665	https://realtimehpts.availtec.com/InfoPoint/gtfs-zip.ashx	Hazleton Public Transit / Banks Township / Pennsylvania	https://files.mobilitydatabase.org/tld-4665/latest.zip
tld-4667	https://passio3.com/cerritos/passioTransit/gtfs/google_transit.zip	Cerritos On Wheels / Los Angeles County / California	https://files.mobilitydatabase.org/tld-4667/latest.zip
tld-4668	https://passio3.com/COAST/passioTransit/gtfs/google_transit.zip	Cooperative Alliance For Seacoast Transportation / Strafford County / New Hampshire	https://files.mobilitydatabase.org/tld-4668/latest.zip
tld-4669	https://amtran.rideralerts.com/InfoPoint/gtfs-zip.ashx	Altoona Metro Transit / Altoona / Pennsylvania	https://files.mobilitydatabase.org/tld-4669/latest.zip
tld-4671	https://live.camtranbus.com/InfoPoint/gtfs-zip.ashx	Cambria County Transit Authority / Blair County / Pennsylvania	https://files.mobilitydatabase.org/tld-4671/latest.zip
tld-4674	https://catabus.rideralerts.com/InfoPoint/gtfs-zip.ashx	Crawford Area Transportation Authority / Crawford County / Pennsylvania	https://files.mobilitydatabase.org/tld-4674/latest.zip
tld-4688	https://sts.rideralerts.com/InfoPoint/gtfs-zip.ashx	Schuylkill Transportation System / New Castle Township / Pennsylvania	https://files.mobilitydatabase.org/tld-4688/latest.zip
tld-4728	http://rtaalerts.com/gtfs/lexpress/google_transit.zip	Lexpress / Lexington / Massachusetts	https://files.mobilitydatabase.org/tld-4728/latest.zip
tld-4756	https://gtfs.remix.com/bsoob_transit_biddeford_me_us.zip	Biddeford Saco Old Orchard Beach Transit / York County / Maine	https://files.mobilitydatabase.org/tld-4756/latest.zip
tld-4757	https://passio3.com/centraltrans/passioTransit/gtfs/google_transit.zip	Central Transportation / Portage County / Wisconsin	https://files.mobilitydatabase.org/tld-4757/latest.zip
tld-4771	https://data.trilliumtransit.com/gtfs/cata-pa-us/cata-pa-us.zip	Centre County Transit Authority / Patton Township / Pennsylvania	https://files.mobilitydatabase.org/tld-4771/latest.zip
tld-4777	https://bustracker.accgov.com/InfoPoint/GTFS-Zip.ashx	Athens Clarke County Transit / Athens-Clarke County / Georgia	https://files.mobilitydatabase.org/tld-4777/latest.zip
tld-4781	https://www.cityofinglewood.org/gtfs	I-Line Shuttle / Los Angeles / California	
tld-4791	https://passio3.com/kootenai/passioTransit/gtfs/google_transit.zip	Citylink North (Kootenai County) / Kootenai County / Idaho	https://files.mobilitydatabase.org/tld-4791/latest.zip
tld-4792	https://passio3.com/citylinkrural/passioTransit/gtfs/google_transit.zip	Citylink South (Kootenai County) / Benewah County / Idaho	https://files.mobilitydatabase.org/tld-4792/latest.zip
tld-4798	https://gtfs.calitp.org/production/HumboldtTransitAuthorityDialARideFlex.zip	Eureka Transit Service, Blue Lake Rancheria Transit System, Samoa Transit System, Redwood Transit System, Arcata & Mad River Transit System / Eureka / California	https://files.mobilitydatabase.org/tld-4798/latest.zip
tld-4831	https://muskegon.connexionz.net/rtt/public/utility/gtfs.aspx	Muskegon Area Transit System / Muskegon / Michigan	https://files.mobilitydatabase.org/tld-4831/latest.zip
tld-4834_1	https://docs.gato.txst.edu/357013/gtfs.zip	Bobcat Transit / San Marcos / Texas	https://files.mobilitydatabase.org/tld-4834_1/latest.zip
tld-5503	https://mmvta.rideralerts.com/InfoPoint/gtfs-zip.ashx	Mid Mon Valley Transit Authority / Allegheny County / Pennsylvania	https://files.mobilitydatabase.org/tld-5503/latest.zip
tld-5531	https://realtime.lebanontransit.org/InfoPoint/gtfs-zip.ashx	Lebanon Transit / Dauphin County / Pennsylvania	https://files.mobilitydatabase.org/tld-5531/latest.zip
tld-5537	https://api.realfile.rtsclients.com/PublicFiles/f260a66b364d453e91ff9b3fedd494dc/0058c359-58f0-438f-9e65-c47fc855d4cf/NMDOT%20Park%20and%20Ride%20GTFS%20Data%20updated%20April%201%202024.zip	NMDOT Park and Ride / Santa Fe / New Mexico	https://files.mobilitydatabase.org/tld-5537/latest.zip
tld-5551	https://passio3.com/douglas/passioTransit/gtfs/google_transit.zip	Connect Douglas / Douglasville / Georgia	https://files.mobilitydatabase.org/tld-5551/latest.zip
tld-5579	https://data.trilliumtransit.com/gtfs/twintransit-wa-us/twintransit-wa-us.zip	Twin Transit / Lewis County / Washington	https://files.mobilitydatabase.org/tld-5579/latest.zip
tld-5741	https://api.prod.coachusa.com/gtfs	Coach USA Erie, Orange Westchester Link, ShortLine Hudson, Suburban Transit, Community Coach, Rockland Coaches, Newark Airport Express, Wisconsin Coach Lines, Van Galder (Coach USA), Coach Suburban Transit Corporation, Coach Community Coach, Coach Hudson Transit Lines, Coach Newark Express, Waukesha County Transit / Bergen County / New Jersey	https://files.mobilitydatabase.org/tld-5741/latest.zip
tld-5746	https://data.trilliumtransit.com/gtfs/pats-co-us/pats-co-us.zip	Parachute Area Transit System / Rifle / Colorado	https://files.mobilitydatabase.org/tld-5746/latest.zip
tld-5750	https://data.trilliumtransit.com/gtfs/rivervalley-ct-us/rivervalley-ct-us.zip	River Valley Transit / Middlesex County / Connecticut	https://files.mobilitydatabase.org/tld-5750/latest.zip
tld-5751	https://data.trilliumtransit.com/gtfs/ruralresources-wa-us/ruralresources-wa-us.zip	Rural Resources Community Action / Colville / Washington	https://files.mobilitydatabase.org/tld-5751/latest.zip
tld-5753	https://data.trilliumtransit.com/gtfs/smart-mn-us/smart-mn-us.zip	SMART / Mower County / Minnesota	https://files.mobilitydatabase.org/tld-5753/latest.zip
tld-5754	https://data.trilliumtransit.com/gtfs/snowgoosetransit-wa-us/snowgoosetransit-wa-us.zip	Snow Goose Transit / Stanwood / Washington	https://files.mobilitydatabase.org/tld-5754/latest.zip
tld-5755	https://data.trilliumtransit.com/gtfs/solidground-wa-us/solidground-wa-us.zip	Solid Ground / Seattle / Washington	https://files.mobilitydatabase.org/tld-5755/latest.zip
tld-5756	https://data.trilliumtransit.com/gtfs/specialmobilityservices-wa-us/specialmobilityservices-wa-us.zip	Special Mobility Services / Davenport / Washington	https://files.mobilitydatabase.org/tld-5756/latest.zip
tld-5757	https://data.trilliumtransit.com/gtfs/steamboatsprings-co-us/steamboatsprings-co-us.zip	Steamboat Springs Transit, Yellow Zone / Routt County / Colorado	https://files.mobilitydatabase.org/tld-5757/latest.zip
tld-5761	https://data.trilliumtransit.com/gtfs/unitedcap-mn-us/unitedcap-mn-us.zip	Community Transit / Lyon County / Minnesota	https://files.mobilitydatabase.org/tld-5761/latest.zip
tld-5769	https://github.com/transitland/gtfs-archives-not-hosted-elsewhere/raw/master/kanawha-valley-regional-transportation-authority.zip	Kanawha Valley Regional Transportation Authority / West Virginia	https://files.mobilitydatabase.org/tld-5769/latest.zip
tld-5781	https://maps.tds.ai/storage/gtfs-feeds/ADT/fb551f94ffd56bb15e28e862f/gtfs.zip	Adirondack Trailways / Ulster County / New York	https://files.mobilitydatabase.org/tld-5781/latest.zip
tld-5783	https://s3.amazonaws.com/datatools-511ny/public/Adirondack_Trailways-FAB.zip	Fullington Trailways / Salamanca / New York	https://files.mobilitydatabase.org/tld-5783/latest.zip
tld-5787	https://s3.amazonaws.com/datatools-511ny/public/City_Of_Glen_Cove.zip	City Of Glen Cove / Nassau County / New York	https://files.mobilitydatabase.org/tld-5787/latest.zip
tld-5788	https://s3.amazonaws.com/datatools-511ny/public/Hudson_Rail_Link.zip	MTA Metro-North Railroad / Bronx County / New York	https://files.mobilitydatabase.org/tld-5788/latest.zip
tld-5790	https://s3.amazonaws.com/datatools-511ny/public/Monroe_Bus_Lines_-_Kiryas_Yoel.zip	Monroe Bus Lines / Kiryas Joel / New York	https://files.mobilitydatabase.org/tld-5790/latest.zip
tld-5791	https://s3.amazonaws.com/datatools-511ny/public/Niagara_County.zip	Connect Niagara / Niagara County / New York	https://files.mobilitydatabase.org/tld-5791/latest.zip
tld-5863	https://passio3.com/ritech/passioTransit/gtfs/google_transit.zip	Rochester Institute of Technology / Fulton County / Georgia	https://files.mobilitydatabase.org/tld-5863/latest.zip
tld-5864	https://passio3.com/conchovt/passioTransit/gtfs/google_transit.zip	Concho Valley Transit District / Fulton County / Georgia	https://files.mobilitydatabase.org/tld-5864/latest.zip
tld-5873	https://catchamax.org/wp-content/maxgtfs/MAXGTFS.zip	Macatawa Area Express / Ottawa County / Michigan	https://files.mobilitydatabase.org/tld-5873/latest.zip
tld-5877	https://s3.amazonaws.com/datatools-511ny/public/Schoharie_County_Public_Transit.zip	Schoharie County Transit / Cobleskill / New York	https://files.mobilitydatabase.org/tld-5877/latest.zip
tld-5893	https://passio3.com/billings/passioTransit/gtfs/google_transit.zip	Billings Metropolitan Transit / Billings / Montana	https://files.mobilitydatabase.org/tld-5893/latest.zip
tld-5895	https://strweb.skagittransit.org/GTFS/google_transit.zip	Skagit Transit / Burlington / Washington	https://files.mobilitydatabase.org/tld-5895/latest.zip
tld-5899	https://passio3.com/citrusconn/passioTransit/gtfs/google_transit.zip	Lakeland Area Mass Transit District / Auburndale / Florida	https://files.mobilitydatabase.org/tld-5899/latest.zip
tld-6095	https://passio3.com/bisman/passioTransit/gtfs/google_transit.zip	Bis-Man Transit / Burleigh County / North Dakota	https://files.mobilitydatabase.org/tld-6095/latest.zip
tld-6670	https://rapid.nationalrtap.org/GTFSFileManagement/UserUploadFiles/7706/rcatgtfsfeed.zip	Reno County Area Transit / Hutchinson / Kansas	https://files.mobilitydatabase.org/tld-6670/latest.zip
tld-6675	https://www.nps.gov/external-resources/gtfs/brca/bryce-canyon-shuttle.zip	Bryce Canyon National Park Shuttle / Garfield County / Utah	https://files.mobilitydatabase.org/tld-6675/latest.zip
tld-6676	https://www.nps.gov/external-resources/gtfs/guis/guis-ferry-service-fl.zip	National Park Service / Escambia County / Florida	https://files.mobilitydatabase.org/tld-6676/latest.zip
tld-6677	https://www.nps.gov/external-resources/gtfs/guis/guis-ferry-service-ms.zip	National Park Service / Harrison County / Mississippi	https://files.mobilitydatabase.org/tld-6677/latest.zip
tld-6678	https://www.nps.gov/external-resources/gtfs/hafe/hafe-shuttle-transport.zip	Harpers Ferry National Historical Park / Jefferson County / West Virginia	https://files.mobilitydatabase.org/tld-6678/latest.zip
tld-6681	https://www.nps.gov/external-resources/gtfs/yose/yosemite-valley-shuttle.zip	Yosemite National Park / Mariposa County / California	https://files.mobilitydatabase.org/tld-6681/latest.zip
tld-6682	https://www.nps.gov/external-resources/gtfs/zion/zion-canyon-shuttle.zip	Zion National Park / Washington County / Utah	https://files.mobilitydatabase.org/tld-6682/latest.zip
tld-6708	https://irp.cdn-website.com/442ea718/files/uploaded/opt_gtfs.zip	Open Plains Transit / Scotts Bluff County / Nebraska	https://files.mobilitydatabase.org/tld-6708/latest.zip
tld-6713	https://passio3.com/beckley/passioTransit/gtfs/google_transit.zip	New River Transit Authority / Beckley / West Virginia	https://files.mobilitydatabase.org/tld-6713/latest.zip
tld-6724	https://passio3.com/irvine/passioTransit/gtfs/google_transit.zip	City of Irvine / Irvine / California	https://files.mobilitydatabase.org/tld-6724/latest.zip
tld-6735	https://passio3.com/jacksonville/passioTransit/gtfs/google_transit.zip	City of Jacksonville / Jacksonville / North Carolina	https://files.mobilitydatabase.org/tld-6735/latest.zip
tld-6741	https://rapid.nationalrtap.org/GTFSFileManagement/UserUploadFiles/11718/myriderockhill-sc-us.zip	My Ride Rock Hill / York County / South Carolina	https://files.mobilitydatabase.org/tld-6741/latest.zip
tld-6743	https://rapid.nationalrtap.org/GTFSFileManagement/UserUploadFiles/11713/met_gtfs.zip	Maricopa Express Transit / Maricopa / Arizona	https://files.mobilitydatabase.org/tld-6743/latest.zip
tld-6745	https://s3.amazonaws.com/datatools-511ny/public/Columbia_County_Public_Transit.zip	Propark Mobility, Columbia County Public Transportation / Hudson / New York	https://files.mobilitydatabase.org/tld-6745/latest.zip
tld-6748	https://metro.nfta.com/__googletransit/rail/google_transit.zip	Niagara Frontier Transportation Authority / Buffalo / New York	https://files.mobilitydatabase.org/tld-6748/latest.zip
tld-6772	https://www.lovgov.org/home/showpublisheddocument/60816/638518185148200000	City of Loveland Transit (COLT) / Fort Collins / Colorado	
tld-6773	https://realtimemobile.availtec.com/infopoint/gtfs-zip.ashx	City of Mobile / Mobile / Alabama	https://files.mobilitydatabase.org/tld-6773/latest.zip
tld-6775	http://gatlinburg.connexionz.net/rtt/public/utility/gtfs.aspx	City of Gatlinburg Trolley / Sevier County / Tennessee	https://files.mobilitydatabase.org/tld-6775/latest.zip
tld-6777	https://s3.amazonaws.com/datatools-511ny/public/Oneonta_Public_Transportation.zip	Oneonta Public Transit / Otsego County / New York	https://files.mobilitydatabase.org/tld-6777/latest.zip
tld-6785	https://wcta.rideralerts.com/InfoPoint/gtfs-zip.ashx	Westmoreland County Transit Authority / Adamsburg / Pennsylvania	https://files.mobilitydatabase.org/tld-6785/latest.zip
tld-6883	https://www.lakeerietransit.com/gtfs/lake-erie-transit-gtfs.zip	Lake Erie Transit / Monroe / Michigan	https://files.mobilitydatabase.org/tld-6883/latest.zip
tld-6905	https://www.nps.gov/external-resources/gtfs/foma/foma-ferry-service.zip	Fort Matanzas National Monument / St. Johns County / Florida	https://files.mobilitydatabase.org/tld-6905/latest.zip
tld-6906	https://www.nps.gov/external-resources/gtfs/fosu/fosu-ferry-service.zip	Fort Sumter and Fort Moultrie National Historical Park / Charleston County / South Carolina	https://files.mobilitydatabase.org/tld-6906/latest.zip
tld-6909	https://www.nps.gov/external-resources/gtfs/stli/statue-of-liberty-ferries.zip	Statue of Liberty National Monument / Hudson County / New Jersey	https://files.mobilitydatabase.org/tld-6909/latest.zip
tld-7019	https://passio3.com/transpo/passioTransit/gtfs/google_transit.zip	South Bend Public Transportation Corporation / Saint Joseph County / Indiana	https://files.mobilitydatabase.org/tld-7019/latest.zip
tld-7021	https://best.rideralerts.com/InfoPoint/gtfs-zip.ashx	Endless Mountains Transportation Authority / Waverly / New York	https://files.mobilitydatabase.org/tld-7021/latest.zip
tld-7025	https://part.rideralerts.com/InfoPoint/gtfs-zip.ashx	Pottstown Area Rapid Transit / Douglass Township / Pennsylvania	https://files.mobilitydatabase.org/tld-7025/latest.zip
tld-7027	https://fact.rideralerts.com/InfoPoint/gtfs-zip.ashx	Fayette Area Coordinated Transportation / Brownsville / Pennsylvania	https://files.mobilitydatabase.org/tld-7027/latest.zip
tld-7030	https://ncata.rideralerts.com/InfoPoint/gtfs-zip.ashx	New Castle Area Transit Authority / Cherry Township / Pennsylvania	https://files.mobilitydatabase.org/tld-7030/latest.zip
tld-7035	https://gtfs.remix.com/bwat_porthuron_mi_us.zip	Blue Water Area Transit / Port Huron / Michigan	https://files.mobilitydatabase.org/tld-7035/latest.zip
tld-7037	https://gtfs.remix.com/highvalleytransit_parkcity_ut_us.zip	High Valley Transit / Summit County / Utah	https://files.mobilitydatabase.org/tld-7037/latest.zip
tld-7038	https://gtfs.remix.com/el_metro_laredo_transit_us.zip	El Metro Transit / Webb County / Texas	https://files.mobilitydatabase.org/tld-7038/latest.zip
tld-7040	https://scheduledata.rgrta.com/Regionals/Genesee.zip	Rochester-Genesee Regional Transportation Authority / Genesee County / New York	https://files.mobilitydatabase.org/tld-7040/latest.zip
tld-7041	https://scheduledata.rgrta.com/Regionals/Ontario.zip	Rochester-Genesee Regional Transportation Authority / Canandaigua / New York	https://files.mobilitydatabase.org/tld-7041/latest.zip
tld-7042	https://scheduledata.rgrta.com/Regionals/Orleans.zip	Rochester-Genesee Regional Transportation Authority / Orleans County / New York	https://files.mobilitydatabase.org/tld-7042/latest.zip
tld-7043	https://scheduledata.rgrta.com/Regionals/Wyoming.zip	Rochester-Genesee Regional Transportation Authority / Warsaw / New York	https://files.mobilitydatabase.org/tld-7043/latest.zip
tld-7046	https://passio3.com/tuscaloosatransit/passioTransit/gtfs/google_transit.zip	Tuscaloosa Transit Authority / Tuscaloosa County / Alabama	https://files.mobilitydatabase.org/tld-7046/latest.zip
tld-7066	https://rapid.nationalrtap.org/GTFSFileManagement/UserUploadFiles/11723/ecbi_gtfs.zip	Eastern Band of Cherokee Indians Public Transit / Swain County / North Carolina	https://files.mobilitydatabase.org/tld-7066/latest.zip
tld-7068_1	https://prt.wvu.edu/files/d/fcc4abeb-9e23-477b-b648-30623cb8ad80/gtfs-3.zip	West Virginia University Morgantown Personal Rapid Transit / Monongalia County / West Virginia	https://files.mobilitydatabase.org/tld-7068_1/latest.zip
tld-7824	https://passio3.com/bangor/passioTransit/gtfs/google_transit.zip	Bangor Community Connector / Penobscot County / Maine	https://files.mobilitydatabase.org/tld-7824/latest.zip
tld-7827	https://passio3.com/cuats/passioTransit/gtfs/google_transit.zip	Cleveland Urban Area Transit System / Bradley County / Tennessee	https://files.mobilitydatabase.org/tld-7827/latest.zip
tld-7841	https://passio3.com/edmond/passioTransit/gtfs/google_transit.zip	Citylink Edmond / Oklahoma County / Oklahoma	https://files.mobilitydatabase.org/tld-7841/latest.zip
tld-7866	https://rapid.nationalrtap.org/GTFSFileManagement/UserUploadFiles/13051/CranberryIslesGTFS.zip	Town of Cranberry Isles Commuter Ferry / Cranberry Isles / Maine	https://files.mobilitydatabase.org/tld-7866/latest.zip
tld-7870	http://westbusservice.com/west_gtfs.zip	West's Bus Service / Ellsworth / Maine	https://files.mobilitydatabase.org/tld-7870/latest.zip
tld-7885	https://data.trilliumtransit.com/gtfs/ocpt-nc-us/ocpt-nc-us.zip	Orange County Public Transportation / Hillsborough / North Carolina	https://files.mobilitydatabase.org/tld-7885/latest.zip
tld-7914	https://passio3.com/hendrycounty/passioTransit/gtfs/google_transit.zip	Hendry County Transit System / Hendry County / Florida	https://files.mobilitydatabase.org/tld-7914/latest.zip
tld-7925	https://catchacat.org/wp-content/uploads/GTFSferry.zip	Chatham Area Transit / Savannah / Georgia	https://files.mobilitydatabase.org/tld-7925/latest.zip
tld-7927	https://brownsvillemetro.ridesystems.net/Secure/Admin/Reports/GTFSDownload.aspx	Brownsville Metro / Cameron County / Texas	https://files.mobilitydatabase.org/tld-7927/latest.zip
tld-7929	http://www.fonddulac.ridesystems.net/Secure/Admin/Reports/GTFSDownload.aspx	Fond du Lac Area Transit / Fond du Lac / Wisconsin	https://files.mobilitydatabase.org/tld-7929/latest.zip
tld-7930	https://mvshuttle.ridesystems.net/Secure/Admin/Reports/GTFSDownload.aspx	Mission Viejo / Mission Viejo / California	https://files.mobilitydatabase.org/tld-7930/latest.zip
tld-7941	https://okstate.ridesystems.net/Secure/Admin/Reports/GTFSDownload.aspx	OSU-Stillwater Community Transit / Payne County / Oklahoma	https://files.mobilitydatabase.org/tld-7941/latest.zip
mdb-131	https://files.mobilitydatabase.org/mdb-131/latest.zip	Lane Transit District (LTD) / Coburg / Oregon	
mdb-176	http://data.trilliumtransit.com/gtfs/rockymountainnationalpark-co-us/rockymountainnationalpark-co-us.zip	Rocky Mountain National Park Shuttles / Larimer County / Colorado	https://files.mobilitydatabase.org/mdb-176/latest.zip
mdb-177	https://data.trilliumtransit.com/gtfs/estestransit-co-us/estestransit-co-us.zip	Town of Estes Park / Estes Park / Colorado	https://files.mobilitydatabase.org/mdb-177/latest.zip
mdb-333	http://www.tri-rail.com/GTDF/Current/google_transit.zip	South Florida Regional Transportation Authority (Tri-Rail) / Boca Raton / Florida	https://files.mobilitydatabase.org/mdb-333/latest.zip
mdb-419	http://data.trilliumtransit.com/gtfs/vineyardfastferry-ri-us/vineyardfastferry-ri-us.zip	Vineyard Fast Ferry / Oak Bluffs / Massachusetts	https://files.mobilitydatabase.org/mdb-419/latest.zip
mdb-423	http://data.trilliumtransit.com/gtfs/cuttyhunkferryco-ma-us/cuttyhunkferryco-ma-us.zip	Cuttyhunk Ferry Company / New Bedford / Massachusetts	https://files.mobilitydatabase.org/mdb-423/latest.zip
mdb-427	http://data.trilliumtransit.com/gtfs/hylinecruises-ma-us/hylinecruises-ma-us.zip	Hy-Line Cruises / Barnstable County / Massachusetts	https://files.mobilitydatabase.org/mdb-427/latest.zip
mdb-432	http://data.trilliumtransit.com/gtfs/wrta-ma-us/wrta-ma-us.zip	Worcester Regional Transit Authority (WRTA) / Worcester / Massachusetts	https://files.mobilitydatabase.org/mdb-432/latest.zip
mdb-435	https://data.trilliumtransit.com/gtfs/baystatecruisecompany-ma-us/baystatecruisecompany-ma-us.zip	Bay State Cruise Company / Barnstable County / Massachusetts	https://files.mobilitydatabase.org/mdb-435/latest.zip
mdb-459	http://data.trilliumtransit.com/gtfs/estestransit-co-us/estestransit-co-us.zip	Estes Transit / Estes Park / Colorado	https://files.mobilitydatabase.org/mdb-459/latest.zip
mdb-2035	https://files.looptrolley.com/google_transit.zip	Metro St. Louis / City of Saint Louis / Missouri	https://files.mobilitydatabase.org/mdb-2035/latest.zip
mdb-2047	https://data.trilliumtransit.com/gtfs/estestransit-co-us/estestransit-co-us--flex-v2.zip	Estes Transit / Estes Park / Colorado	https://files.mobilitydatabase.org/mdb-2047/latest.zip
mdb-2051	https://data.trilliumtransit.com/gtfs/steamboatsprings-co-us/steamboatsprings-co-us--flex-v2.zip	Steamboat Springs Transit / Craig / Colorado	https://files.mobilitydatabase.org/mdb-2051/latest.zip
mdb-2063	https://passio3.com/lawrencetransit/passioTransit/gtfs/google_transit.zip	KU on Wheels & Lawrence Transit System / Douglas County / Kansas	https://files.mobilitydatabase.org/mdb-2063/latest.zip
mdb-2308	https://data.trilliumtransit.com/gtfs/fourcounty-va-us/fourcounty-va-us.zip	Four County Transit / Tazewell County / Virginia	https://files.mobilitydatabase.org/mdb-2308/latest.zip
mdb-2440	https://data.trilliumtransit.com/gtfs/danville-va-us/danville-va-us--flex-v2.zip	Danville Transit / Danville / Virginia	https://files.mobilitydatabase.org/mdb-2440/latest.zip
mdb-2448	https://data.trilliumtransit.com/gtfs/fourcounty-va-us/fourcounty-va-us--flex-v2.zip	Four County Transit / Tazewell County / Virginia	https://files.mobilitydatabase.org/mdb-2448/latest.zip
mdb-2662	https://tarc.rideralerts.com/InfoPoint/gtfs-zip.ashx	Transit Authority of River City (TARC) / Clark County / Indiana	https://files.mobilitydatabase.org/mdb-2662/latest.zip
mdb-2667	https://www.pinpointavl.com/santacruzer.zip	The Santa Cruzer / Santa Cruz / California	https://files.mobilitydatabase.org/mdb-2667/latest.zip
mdb-2679	https://www.nps.gov/external-resources/gtfs/boha/boston-harbor-islands-ferry.zip	Boston Harbor Islands Ferry / Boston / Massachusetts	https://files.mobilitydatabase.org/mdb-2679/latest.zip
mdb-2877	https://github.com/PhlashGTFS/GTFS/releases/latest/download/PHLASH_GTFS.zip	PHLASH / Philadelphia / Pennsylvania	https://files.mobilitydatabase.org/mdb-2877/latest.zip
mdb-3100	https://data.trilliumtransit.com/gtfs/thousandoaks-ca-us/thousandoaks-ca-us.zip	Thousand Oaks Transit / Thousand Oaks / California	https://files.mobilitydatabase.org/mdb-3100/latest.zip
mdb-3129	https://www.c-tran.com/images/Google/TheCurrent_GTFSFlex.zip	C-TRAN / Vancouver / Washington	
mdb-3130	https://www.modeshift.app/api/v1/0045359e-7cae-4a10-b680-cafe365c6554/transport/gtfs/gtfs.zip	Transportation Management Association of Chester County (TMACC) / Coatesville / Pennsylvania	https://files.mobilitydatabase.org/mdb-3130/latest.zip
mdb-3143	https://gtfs.sanfranciscobayferry.com/gtfs.zip	San Francisco Bay Area Water Emergency Transportation Authority (WETA) / San Francisco / California	https://files.mobilitydatabase.org/mdb-3143/latest.zip
mdb-3151	https://webapps.regionofwaterloo.ca/api/grt-routes/api/staticfeeds/2	GRT ION Light Rail	
mdb-3178	https://www.cecilcountymd.gov/DocumentCenter/View/5246/Cecil-County-MD---GTFS	Cecil Transit / Elkton / Maryland	https://files.mobilitydatabase.org/mdb-3178/latest.zip
mdb-3187	https://ride.smtd.org/gtfs/smtd_gtfs_feed.zip	Springfield Mass Transit District (SMTD) / Springfield / Illinois	https://files.mobilitydatabase.org/mdb-3187/latest.zip
mdb-3192	https://nywaterway.connexionz.net/rtt/public/resource/gtfs.zip	NY Waterway / Jersey City / New Jersey	https://files.mobilitydatabase.org/mdb-3192/latest.zip
mdb-3193	https://cobb.rideralerts.com/InfoPoint/GTFS-Zip.ashx	CobbLinc / Atlanta / Georgia	https://files.mobilitydatabase.org/mdb-3193/latest.zip
mdb-3205	https://www.nps.gov/external-resources/gtfs/calo/calo-ferry-service.zip	Cape Lookout National Seashore / Carteret County / North Carolina	https://files.mobilitydatabase.org/mdb-3205/latest.zip
mdb-3206	https://www.nps.gov/external-resources/gtfs/depo/reds-meadow-shuttle.zip	Devils Postpile National Monument / Bishop / California	https://files.mobilitydatabase.org/mdb-3206/latest.zip
mdb-3207	https://www.nps.gov/external-resources/gtfs/drto/drto-ferry-service.zip	Dry Tortugas National Park / Monroe County / Florida	https://files.mobilitydatabase.org/mdb-3207/latest.zip
mdb-3208	https://www.nps.gov/external-resources/gtfs/alca/alcatraz-cruises-ferry.zip	Golden Gate National Recreation Area (Alcatraz Island) / San Francisco / California	https://files.mobilitydatabase.org/mdb-3208/latest.zip
mdb-3211	https://www.nps.gov/external-resources/gtfs/romo/rocky-mountain-national-park-shuttle.zip	Rocky Mountain National Park / Larimer County / Colorado	https://files.mobilitydatabase.org/mdb-3211/latest.zip
mdb-3219	https://gtfs.rvtd.cadavl.com/RVTD/GTFS/GTFS_RVTD.zip	Rogue Valley Transportation District (RVTD) / Medford / Oregon	https://files.mobilitydatabase.org/mdb-3219/latest.zip
ntd-20122	https://www.njtransit.com/Academy_bus_data.zip	Academy Lines / Monmouth County / New Jersey	https://files.mobilitydatabase.org/ntd-20122/latest.zip
ntd-20169	https://www.njtransit.com/Trans-Bridge_bus_data.zip	Trans-Bridge Lines / Bethlehem / Pennsylvania	https://files.mobilitydatabase.org/ntd-20169/latest.zip
ntd-20208	https://www.njtransit.com/BurlingtonShuttles_bus_data.zip	Cross County Connection / Willingboro Township / New Jersey	https://files.mobilitydatabase.org/ntd-20208/latest.zip
ntd-30122	https://countryroadstransit.com/wp-content/uploads/feedCRT.zip	Country Roads Transit / Randolph County / West Virginia	https://files.mobilitydatabase.org/ntd-30122/latest.zip
ntd-40193	https://api.transloc.com/gtfs/liberty.zip	City of Hinesville, Georgia / Hinesville / Georgia	https://files.mobilitydatabase.org/ntd-40193/latest.zip
ntd-60099	https://mcallen.net/metro/assets/resources/GTFS%20-%20TransLoc.zip	Metro McAllen / Hidalgo County / Texas	https://files.mobilitydatabase.org/ntd-60099/latest.zip
tld-4380	https://s3.amazonaws.com/datatools-511ny/public/Monsey_Trails.zip	Monsey Trails / Rockland County / New York	https://files.mobilitydatabase.org/tld-4380/latest.zip
tld-6679	https://www.nps.gov/external-resources/gtfs/yose/mariposa-grove-shuttle-service.zip	Yosemite National Park / Mariposa County / California	https://files.mobilitydatabase.org/tld-6679/latest.zip
tld-6900	https://www.nps.gov/external-resources/gtfs/acad/island-explorer.zip	Acadia National Park / Hancock County / Maine	https://files.mobilitydatabase.org/tld-6900/latest.zip
tld-6904	https://www.nps.gov/external-resources/gtfs/dena/dena-shuttle.zip	National Park Service / Denali / Alaska	https://files.mobilitydatabase.org/tld-6904/latest.zip
tld-6907	https://www.nps.gov/external-resources/gtfs/seki/giant-forest-shuttle.zip	Sequoia & Kings Canyon National Parks / Tulare County / California	https://files.mobilitydatabase.org/tld-6907/latest.zip
tld-6908	https://www.nps.gov/external-resources/gtfs/glac/going-to-the-sun-road-shuttle.zip	Glacier National Park / Flathead County / Montana	https://files.mobilitydatabase.org/tld-6908/latest.zip
tld-7036	https://gtfs.remix.com/dpts_decatur_il_us.zip	Decatur Public Transit System / Decatur / Illinois	https://files.mobilitydatabase.org/tld-7036/latest.zip
tld-7039	https://gtfs.remix.com/Lorain_County_Transit_US.zip	Lorain County Transit / Lorain County / Ohio	https://files.mobilitydatabase.org/tld-7039/latest.zip
mdb-3392	https://feeds.gtfsfoundry.com/feeds/JCPT-NY-045/static.zip	Jefferson County Public Transit (JCPT) / Watertown / New York	https://files.mobilitydatabase.org/mdb-3392/latest.zip
mdb-306	https://data.trilliumtransit.com/gtfs/chicagowatertaxi-il-us/chicagowatertaxi-il-us.zip	Chicago Water Taxi / Cook County / Illinois	https://files.mobilitydatabase.org/mdb-306/latest.zip
mdb-3408	https://passio3.com/JCMTD/passioTransit/gtfs/google_transit.zip	JAX Mass Transit District / Carbondale / Illinois	https://files.mobilitydatabase.org/mdb-3408/latest.zip
mdb-3416	https://www.nps.gov/external-resources/gtfs/boha/cathleen-stone-island-ferry.zip	Boston Harbor Island National Recreation Area / Boston / Massachusetts	https://files.mobilitydatabase.org/mdb-3416/latest.zip
mdb-3419	https://rapid.nationalrtap.org/GTFSFileManagement/UserUploadFiles/11511/GTFS_EPCT.zip	El Paso Transportation Authority / El Paso / Texas	https://files.mobilitydatabase.org/mdb-3419/latest.zip
mdb-3432	https://rapid.nationalrtap.org/GTFSFileManagement/UserUploadFiles/7841/NHMTAGTFS.zip	Manchester Transit Authority / Manchester / New Hampshire	https://files.mobilitydatabase.org/mdb-3432/latest.zip
mdb-3433	https://www.fredericksburgva.gov/DocumentCenter/View/31122/FXBGO-GTFS---CY2026	Fredericksburg Regional Transit / Fredericksburg / Virginia	
mdb-3434	https://maxtransit.org/GTFS/2026/google_transit_Working.zip	Birmingham Jefferson County Transit Authority (MAX) / Birmingham / Alabama	https://files.mobilitydatabase.org/mdb-3434/latest.zip
ntd-30010	https://realtimelanta.availtec.com/InfoPoint/gtfs-zip.ashx	Lehigh and Northampton Transportation Authority (LANTA) / Lehigh County / Pennsylvania	https://files.mobilitydatabase.org/ntd-30010/latest.zip
